f f	6
output value	5
equivalence relation	5
r r	4
identity map	4
d c	3
x y	3
p q.	2
n2 =	2
number variable	2
= k(k	2
a b	2
= b	2
p q	2
x1 x2	2
= x2	2
bean diagram	2
exponent rule	2
input value	2
c d	2
y c	2
si sj	2
equivalence class	2
class representative	2
background material	1
result chiey	1
truth value	1
p statement	1
form p	1
q statement	1
= n2	1
p iq	1
pn)2 p2n2	1
element proof	1
number k	1
existence proposition	1
euclid argument	1
= 1(2)/2	1
induction proof	1
n number	1
step verie	1
k 1	1
= 1(1)/2	1
= 3(4)/2	1
base step	1
euclids argument	1
prime p1	1
number p2	1
p1 p2	1
= 2kn	1
km m.	1
prime factorization	1
factorization theorem	1
sets mathematicians	1
repeat collapse	1
set builder	1
builder notation	1
| x5	1
p =	1
number r	1
subset relationship	1
b show	1
venn diagram	1
set operations	1
angle bracket	1
n tuple	1
r r+	1
716x2 100	1
y z	1
y y	1
d f	1
number addition	1
g f	1
x. a	1
y x	1
f h	1
f g2	1
g1 f	1
function composition	1
function f1	1
+ 3)/2	1
function ts	1
inverse f1	1
f1 ts	1
x x	1
fi fi+j	1
= fi+j	1
fi)j fij	1
= fij	1
fs codomain	1
range r(f	1
c r(f	1
identity function	1
input argument	1
| |x	1
|x y|	1
equivalence relations	1
sign relation	1
subset s2	1
s1 s2	1
= sj	1
element set	1
nonzero number	1
d z	1
d sn	1
equivalence relationship	1
relation r	1
form fraction	1
fraction 3/5	1
r. ackerson	1
h. ackerson	1
vector spaces	1
