Bigram	TF-IDF Weight
natural number	42.93
base step	22.55
inductive step	22.55
output value	22.55
equivalence relation	22.55
r r	19.66
prior paragraph	18.77
many prime	18.77
identity map	18.77
inductive hypothesis	14.74
right inverse	14.74
binary relation	14.74
same sign	14.74
mathematical statement	10.40
number k	10.40
many way	10.40
number variable	10.40
rational number	10.40
real number	10.40
empty set	10.40
set p	10.40
bean diagram	10.40
left inverse	10.40
exponent rule	10.40
additional property	10.40
input value	10.40
same remainder	10.40
same part	10.40
equivalence class	10.40
class representative	10.40
background material	5.61
other source	5.61
available online	5.61
major point	5.61
result chiey	5.61
many part	5.61
entire statement	5.61
truth value	5.61
small integer	5.61
p statement	5.61
everyday speech	5.61
speech people	5.61
exclusive way	5.61
casual speech	5.61
true statement	5.61
main way	5.61
rst way	5.61
indirect way	5.61
contrapositive statement	5.61
perfect square	5.61
square p	5.61
equivalent statement	5.61
simple argument	5.61
number x	5.61
straightforward way	5.61
square divisible	5.61
single number	5.61
= p2n2	5.61
typical element	5.61
element proof	5.61
special case	5.61
case p	5.61
correct one	5.61
n =	5.61
= pk	5.61
pk)2 =	5.61
= p2k2	5.61
existential quantier	5.61
existence proposition	5.61
euclid argument	5.61
unique show	5.61
technical turn	5.61
many proof	5.61
mathematical induction	5.61
induction proof	5.61
such proof	5.61
intial number	5.61
routine verication	5.61
second step	5.61
rst line	5.61
initial n	5.61
n number	5.61
initial number	5.61
step verie	5.61
separate paragraph	5.61
rst equality	5.61
single prime	5.61
second possibility	5.61
classic example	5.61
same number	5.61
odd number	5.61
even number	5.61
same element	5.61
curly brace	5.61
builder notation	5.61
roman letter	5.61
few set	5.61
number r	5.61
complex number	5.61
proper subset	5.61
subset relationship	5.61
same member	5.61
mutual inclusion	5.61
second part	5.61
true property	5.61
outer rectangle	5.61
curly bracket	5.61
angle bracket	5.61
range r(f	5.61
convenient superset	5.61
squaring function	5.61
r r+	5.61
unique point	5.61
notation x	5.61
simple map	5.61
map i	5.61
composition i	5.61
same role	5.61
number addition	5.61
function g	5.61
middle equality	5.61
function composition	5.61
function f1	5.61
superscript notation	5.61
function inverse	5.61
inverse f1	5.61
f1 ts	5.61
large scheme	5.61
same codomain	5.61
familiar exponent	5.61
range c	5.61
codomain point	5.61
identity function	5.61
early illustrate	5.61
picture dene	5.61
arbitrary element	5.61
sided inverse	5.61
input argument	5.61
nonnegative real	5.61
small domain	5.61
mathematical thing	5.61
rst number	5.61
sign relation	5.61
overlapping part	5.61
element set	5.61
nonzero number	5.61
d =	5.61
nd =	5.61
= nd	5.61
many member	5.61
equivalence relationship	5.61
signicant digit	5.61
relation r	5.61
single element	5.61
natural scheme	5.61
canonical representative	5.61
everyday work	5.61
simple form	5.61
form fraction	5.61
