group g	72
vector space	56
g g	50
a b	48
new york	47
reading questions	46
field extension	43
equivalence relation	42
parity check	39
b c	39
fundamental theorem	36
equivalence class	34
p subgroup	32
= b	31
nonzero element	28
2 3	28
factor group	28
splitting field	28
galois theory	27
subgroup h	27
h h	27
g h	27
composition series	27
galois group	27
extension field	26
nth root	25
r r	24
group theory	24
3 2	23
isomorphism theorem	23
b a	22
permutation group	22
algebraic code	22
check matrix	22
abstract algebra	21
boolean algebras	21
number theory	21
matrix groups	20
r s	20
symmetry group	20
abelian group	20
integral domains	19
group homomorphism	19
conjugacy class	19
ring homomorphism	19
invariant sections	18
sylow theorem	18
g =	18
permutation groups	17
lagranges theorem	17
finite groups	17
finite fields	17
historical note	17
group operation	17
order p	17
appendix hint	17
b. hint	17
cover texts	16
linear algebra	16
suggested readings	16
cyclic groups	16
class equation	16
b b	16
n n	16
+ b	16
generator matrix	16
= f	16
group actions	15
check bit	15
ring r	15
boolean algebra	15
field e	15
programming exercise	14
e =	14
springer verlag	14
n 1	14
induction hypothesis	14
power set	14
group action	14
switching function	14
normal subgroups	13
factor groups	13
r =	13
h =	13
n tuple	13
y =	13
sylow subgroup	13
bch code	13
modified version	13
g f	12
linear group	12
k k	12
rsa cryptosystem	12
group code	12
documentation license	11
abelian groups	11
b =	11
well ordering	11
multiplication table	11
cayley table	11
h k	11
matrix h	11
order 2p	11
space group	11
g set	11
mathematical induction	10
\ b	10
identity matrix	10
suggested reading	10
z2 z2	10
g. prove	10
2 4	10
transmission error	10
linear code	10
code c	10
first theorem	10
p group	10
e f	10
title page	10
front cover	9
back cover	9
b a.	9
integer r	9
= 1	9
i d	9
= k	9
k =	9
error detection	9
mathematical society	9
circle group	9
4 3	9
disjoint cycle	9
1 2	9
mod p	9
g1 g2	9
wallpaper group	9
chinese theorem	9
remainder theorem	9
factorization domain	9
space v	9
field f	9
extension e	9
cover text	9
license notice	9
division algorithm	8
error correction	8
h g	8
n 3	8
integer n.	8
mod n.	8
matrix multiplication	8
cyclic group	8
k n.	8
g. define	8
ith column	8
second theorem	8
+ x2	8
point group	8
sylow theorems	8
division ring	8
= deg	8
vector v	8
coding theory	7
burnsides theorem	7
z =	7
= a	7
\ a	7
= a2	7
= p	7
p |	7
ab ba	7
ad bc	7
z3 z3	7
j. introduction	7
n letter	7
subgroup g	7
cycle notation	7
4 2	7
dihedral group	7
hamming distance	7
minimum distance	7
+ y2	7
matrix group	7
vector addition	7
f e	7
input variable	7
evaluation homomorphism	7
deg f(x	7
gausss lemma	7
chain condition	7
= o	7
copyright holder	7
free documentation	6
free software	6
counting theorem	6
vector spaces	6
a c	6
element b	6
= x2	6
s s	6
q q	6
= f1	6
nonzero integer	6
n z	6
k l	6
computer program	6
= ba	6
quaternion group	6
r. prove	6
upc number	6
american society	6
n 2	6
motion group	6
2 5	6
cycle structure	6
h k.	6
encoding function	6
mod m	6
p =	6
= ab	6
+ x4	6
information bit	6
= y.	6
1 3	6
n 5	6
commutator subgroup	6
correspondence theorem	6
glide reflection	6
wallpaper pattern	6
p divide	6
cauchys theorem	6
x =	6
third sylow	6
+ k	6
x1 x2	6
x3 x2	6
eisensteins criterion	6
| b.	6
element e	6
galois field	6
cyclic code	6
a. gnu	6
warranty disclaimers	6
software foundation	5
key cryptography	5
a =	5
x x	5
integer k	5
x y	5
g. algebra	5
applied algebra	5
r r.	5
university press	5
element g	5
group element	5
addition table	5
= e	5
= ac	5
g. show	5
united states	5
mathematical monthly	5
cyclic subgroup	5
a course	5
r 2	5
element r	5
order n.	5
= x	5
little theorem	5
cycle decomposition	5
encoding key	5
column vector	5
carmichael number	5
ascii character	5
coset leader	5
information position	5
hamming code	5
odd order	5
= gx	5
third isomorphism	5
lattice l	5
hn h1	5
hn1 h1	5
g equivalence	5
point set	5
stabilizer subgroup	5
n variable	5
= b0	5
deg p(x	5
linear factor	5
absorption law	5
u v	5
= f(1	5
field q	5
f0 f1	5
k e	5
xn a	5
gnu documentation	4
semester course	4
computer science	4
direct products	4
set theory	4
function f	4
f =	4
matrix a	4
y x	4
y x.	4
integer modulo	4
z z	4
upper river	4
saddle river	4
j. algebra	4
t. algebra	4
g. applications	4
building block	4
subset s	4
s =	4
theorem theorem	4
= p1	4
leonhard euler	4
identity element	4
b g	4
= bc	4
integer z	4
ax b	4
cancellation law	4
h2 h	4
r \	4
detection scheme	4
digit number	4
1 2i	4
r cis	4
demoivres theorem	4
identity permutation	4
mod k)+1	4
+ 1	4
g2 g.	4
fermats theorem	4
plaintext message	4
= y2	4
n matrix	4
m bit	4
k)-block code	4
gx gy	4
kronecker delta	4
linear c	4
american mathematical	4
h1 h2	4
g. suppose	4
z z.	4
p prime	4
n. hence	4
quotient group	4
c r	4
order k	4
g g1	4
g1 k	4
h n	4
u =	4
translation subgroup	4
david hilbert	4
semidirect product	4
order p2	4
automorphism group	4
simple groups	4
r. show	4
commutative algebra	4
polynomial p(x	4
deg q(x	4
| b	4
de morgans	4
morgans law	4
f. prove	4
v w	4
v v	4
f e.	4
algebraic closure	4
e e	4
appendix gnu	4
network location	4
copyright notice	4
1 2)a4	4
state university	3
robert beezer	3
field theory	3
equivalence relations	3
multiplicative group	3
algebraic coding	3
linear codes	3
linear independence	3
geometric constructions	3
finite field	3
polynomial codes	3
q =	3
q z	3
c =	3
input value	3
output value	3
= x3	3
a1 =	3
c c	3
= c1	3
r t	3
r2 \	3
r. algebra	3
j. b.	3
w. algebra	3
s. algebra	3
integer q	3
p ab	3
| ab	3
pierre fermat	3
n 4	3
n. prove	3
z. prove	3
addition modulo	3
4 7	3
integer b	3
= i	3
g1 g1	3
variste galois	3
felix klein	3
finite order	3
subset h	3
h. hence	3
ab ac	3
check digit	3
error scheme	3
transposition error	3
mod n	3
k digit	3
isbn code	3
cambridge university	3
j. a.	3
= 2n	3
gh =	3
number z	3
z cis	3
t =	3
unit circle	3
applied mathematics	3
4 5	3
r transposition	3
hand side	3
group a4	3
length k.	3
3)(2 5	3
group multiplication	3
= h	3
euler -function	3
eulers theorem	3
1 1	3
encryption function	3
shift code	3
plaintext letter	3
decrypting key	3
message verification	3
encryption key	3
trial division	3
x2 y2	3
x^2 y^2	3
primality testing	3
leftmost bit	3
k coordinates	3
error pattern	3
m)-block code	3
error correcting	3
correcting codes	3
nonzero codeword	3
h mmn(z2	3
n m	3
g(x y	3
i =	3
k)-linear code	3
check position	3
ab =	3
z g	3
g h.	3
group h	3
z2 z3	3
= kh	3
subgroup k	3
= hk	3
g k	3
subgroup hi	3
g define	3
gn ng	3
n an	3
= an	3
disjoint product	3
g2 k	3
h n.	3
h 7h	3
g. clearly	3
rn rm	3
y2 x2	3
abelian subgroup	3
translation group	3
integer s	3
jordan hlder	3
hlder theorem	3
hn h0	3
burnsides counting	3
h set	3
isotropy subgroup	3
identity fix	3
centralizer subgroup	3
let x	3
hydrogen atom	3
christiania university	3
n(h k	3
multiply element	3
r i	3
factor ring	3
r m	3
r p	3
c2 c1	3
k equation	3
processor chip	3
chicago press	3
i=0 aixi	3
| d(x	3
del ferro	3
b d	3
b d.	3
b l	3
= a.	3
= c	3
b c.	3
= b.	3
b1 b.	3
l m	3
linear equation	3
+ v	3
= q	3
field k	3
line segment	3
last theorem	3
freshmans dream	3
code polynomial	3
error locator	3
e. let	3
element theorem	3
= eg	3
f1 f2	3
mmc site	3
y f(a1	3
base case	3
w. judson	2
gnu free	2
algebra course	2
level course	2
computer project	2
short note	2
equivalence classes	2
detect error	2
cyclic subgroups	2
complex numbers	2
dihedral groups	2
public cryptography	2
error detecting	2
generator matrices	2
eicient decoding	2
alternating group	2
ring homomorphisms	2
prime ideals	2
software design	2
polynomial rings	2
electrical circuits	2
extension fields	2
splitting fields	2
bch codes	2
field automorphisms	2
selected exercises	2
n =	2
set b	2
de laws	2
morgans laws	2
x b	2
a1 an	2
relation f	2
= 2/4	2
function g	2
r2 r2	2
identity mapping	2
function f(x	2
identity map	2
= g(b	2
ps qr	2
= qr	2
matrix p	2
k z.	2
mod 8)	2
congruence modulo	2
= z	2
d =	2
\ c	2
f1(b1 b2	2
l. introduction	2
a introduction	2
concrete introduction	2
higher algebra	2
pws kent	2
a. algebra	2
contemporary abstract	2
van waerden	2
der waerden	2
b. l.	2
n case	2
+ 1)th	2
integer n0	2
k n0	2
n s	2
r b	2
integer d	2
= ra	2
number p	2
q2 ql	2
goldbachs conjecture	2
y n	2
p 2	2
integer p	2
e. m.	2
oxford university	2
2nd ed	2
integer mod	2
s s.	2
= =	2
e g	2
k 1	2
k zn	2
det a	2
= g	2
ab)1 =	2
n z.	2
joseph lagrange	2
louis lagrange	2
sophus lie	2
+ c	2
h h1	2
h h.	2
1 13	2
heisenberg group	2
= define	2
multiplication mod	2
z c	2
g show	2
universal code	2
product code	2
digit code	2
identification number	2
digit error	2
book number	2
an introduction	2
= ak	2
= mq	2
sage support	2
n. course	2
computational number	2
length k	2
1 73	2
3 5	2
3 4	2
group d4	2
= ga	2
3)(4 5	2
g1hg2h =	2
element h1	2
lh rh	2
g g.	2
g a4	2
ghg1 h	2
n. therefore	2
de fermat	2
= show	2
e. show	2
b. show	2
n. show	2
julius caesar	2
= ap	2
aine cryptosystem	2
ciphertext letter	2
= pq	2
= n	2
world war	2
world ii	2
war ii	2
a. albert	2
encryption standard	2
rsa message	2
n ab	2
pseudoprime base	2
scientific american	2
r. l.	2
code theory	2
communication system	2
m digit	2
m tuple	2
n bit	2
encoding scheme	2
ascii code	2
maximum likelihood	2
2 zn	2
7)-block code	2
code c.	2
bit codeword	2
1 d(x	2
mathematical theory	2
space probe	2
column matrix	2
hy =	2
n m.	2
message block	2
+ x5	2
= y1	2
y1 y2	2
= gy	2
g. hence	2
yn =	2
ith coordinate	2
h. notice	2
coset decoding	2
= hy	2
y c	2
bit string	2
x r	2
size matrix	2
mathematics magazine	2
r. a	2
s. coding	2
information theory	2
sphere packing	2
carus series	2
monograph series	2
mathematical association	2
van lint	2
h. introduction	2
g2 g	2
2 1	2
smiths prize	2
q gi	2
zm zn	2
g hk	2
k define	2
hk hk	2
= \	2
group isomorphism	2
n prove	2
= ng	2
j. thompson	2
burnsides conjecture	2
pacific journal	2
form aba1b1	2
e. hence	2
h1nh h	2
h/ ker	2
h/(h n	2
det b	2
det a.	2
| a|	2
det a|	2
linear map	2
orthogonal group	2
w be	2
ax ay=	2
ax +	2
p31 m	2
reflection axis	2
international congress	2
3rd ed	2
h. symmetry	2
american monthly	2
plane groups	2
symmetry groups	2
i1 gkn	2
z3 z5	2
z3 z9	2
z27 z5	2
ap h	2
= gk	2
g1g2 gk	2
gi gj	2
= gr	2
= ps	2
z 9z	2
= z2	2
order m.	2
torsion group	2
h(h k	2
set x	2
= ghx	2
g equivalent	2
= o2	2
= x.	2
| |g|	2
g. similarly	2
vertex black	2
|ox| |gx|	2
|y |n	2
|y |	2
benzene ring	2
order pn	2
divide |g|	2
order pr1	2
sylow p	2
conjugate subgroup	2
h conjugate	2
= pr	2
|h k|	2
k. hence	2
|n(h k)|	2
order theorem	2
t s.	2
h. a	2
providence ri	2
b r.	2
c r.	2
b r	2
number system	2
ring theory	2
nonzero ideal	2
r hold	2
+ i.	2
i j	2
i. furthermore	2
+ m	2
m =	2
m m	2
emmy noether	2
mod mn	2
mod n1	2
mod n2	2
congruent modulo	2
mod nk+1	2
bit chip	2
processing computer	2
b z	2
i1 i2	2
m. f.	2
i. introduction	2
g. introduction	2
i. rings	2
n. rings	2
p. algebra	2
n indeterminate	2
i=0 bixi	2
polynomial r(x	2
deg d(x	2
deg b(x	2
c 1	2
| d	2
a0 z[x	2
b0 cm	2
deg r(x	2
4x5 x3	2
x2 x	2
4z2 r	2
x4 x2	2
domain d	2
fd e	2
expression p(x)/q(x	2
element d	2
j 1	2
principal ideal	2
d. thus	2
d p=	2
aor p=	2
r d	2
ascending condition	2
\ p	2
order relation	2
duality principle	2
c l.	2
b u	2
b b1	2
de morgan	2
lattice homomorphism	2
power term	2
vector w	2
n f	2
n vector	2
f n.	2
w w	2
u u	2
subspace v	2
x2 2)(x2	2
x4 4x2	2
b0 c0	2
f f	2
f. consequently	2
e k	2
intersection point	2
angle formula	2
integer solution	2
mordell weil	2
weil conjecture	2
extension q	2
i. fields	2
k. suppose	2
b 0	2
pm element	2
k)-code c	2
vandermonde matrix	2
generator polynomial	2
locator polynomial	2
fix elementwise	2
f elementwise	2
primitive theorem	2
automorphisms g	2
l e	2
= l	2
integer ni	2
xn a.	2
fr =	2
k0 k	2
kr k	2
length p	2
degree p	2
notre dame	2
general license	2
public license	2
secondary section	2
matter section	2
text formatter	2
image format	2
input format	2
documents notice	2
section title	2
version number	2
by sa	2
creative commons	2
a a	2
. f(r	2
a1 a2	2
g(gf(729)/ gf(9	2
appendix notation	2
c. notation	2
gaussian integer	2
stephen state	1
f. state	1
austin state	1
sage exercises	1
traduccin espaol	1
al espaol	1
antonio behn	1
thomas judson	1
david anderson	1
myron hood	1
california university	1
polytechnic state	1
herbert kasube	1
bradley university	1
john kurtzke	1
inessa levi	1
geoffrey mason	1
santa cruz	1
bruce mericle	1
mankato state	1
kimmo rosenthal	1
union college	1
mark teply	1
steve quigley	1
marnie pommett	1
cathie griin	1
kelle karshick	1
pws publishing	1
source textbook	1
output print	1
pdf version	1
source version	1
national foundation	1
science foundation	1
science student	1
chapter dependency	1
dependency chart	1
exercise section	1
mathematic text	1
exercise set	1
relavent material	1
software system	1
sage cell	1
web version	1
sage code	1
sagemath version	1
integer equivalence	1
repeated square	1
private cryptography	1
group homomorphisms	1
isomorphism theorems	1
irreducible polynomial	1
b hints	1
c notation	1
back matter	1
study application	1
abstract mathematic	1
laboratory science	1
56 13	1
x3 4x2	1
one peer	1
capital letter	1
element x1	1
x satisfie	1
property p.	1
a u	1
1.3 laws	1
b. therefore	1
/a b	1
cartesian products	1
n set	1
f a	1
f assign	1
function domain	1
function range	1
z q	1
f g	1
c d.	1
s. a	1
a map	1
f ida	1
= ta1	1
inverse map	1
inverse g	1
a2 a	1
relation x	1
r x	1
relation r	1
psu qru	1
= qru	1
p 1b(p	1
1b(p 1)1	1
partition p	1
k xk	1
x. let	1
x. conversely	1
property show	1
z x	1
z y.	1
1.26 two	1
s modulo	1
41 17	1
= 24	1
r 0	1
book website	1
= n2	1
f1 g1	1
a2 x	1
f1(y b1	1
\ b1	1
x f1(b1	1
\ f1(b1	1
projective line	1
real line	1
m. algebra	1
classic version	1
g. concepts	1
fundamental concepts	1
p. set	1
naive set	1
i. algebra	1
n. abstract	1
graduate text	1
w. introduction	1
k. introduction	1
first principle	1
9 15	1
1)!(n k	1
1 k	1
+ b)n+1	1
second principle	1
s(n0 +	1
n n0	1
s. assume	1
k n	1
s. otherwise	1
k z	1
0 s	1
ordering principle	1
b(q +	1
bq b	1
r b.	1
= q.	1
= gcd(a	1
ordering s	1
principle s	1
arq bsq	1
a(1 rq	1
| d.	1
= dh	1
euclidean algorithm	1
r 5	1
r 41	1
= 16	1
integer r1	1
= d	1
= r1q2	1
rn2 rn1qn	1
divisor d	1
prime numbers	1
b b(ar	1
theorem euclid	1
= pi	1
p1 p2	1
p1 qi	1
| qi	1
| pj	1
= p2	1
= ql	1
a2 s	1
p1 prq1	1
prime number	1
euclids proof	1
christian goldbach	1
use sage	1
term induction	1
n(3n 1)x	1
leibniz rule	1
nth derivative	1
s n	1
fibonacci number	1
= f2	1
integer k.	1
= s2	1
congruent mod	1
congruence n.	1
divide m	1
= |ab|	1
= gcd(b	1
c prove	1
| c.	1
n. begin	1
n 250	1
= 120	1
n0 n0	1
ackermanns function	1
j. theory	1
g. theory	1
formal languages	1
redwood city	1
g. h.	1
h. s.	1
vanden eynden	1
c. theory	1
elementary number	1
waveland press	1
grove il	1
integer classes	1
integers mod	1
identification code	1
multiplication modulo	1
arithmetic modulo	1
4 1	1
3 1	1
5 7	1
nonzero number	1
inverse b	1
+ ns	1
d gcd(a	1
ab nk	1
clockwise direction	1
= 1(b	1
7a b	1
c g.	1
integer =	1
modulo n.	1
group identity	1
zn \	1
a bc	1
group axiom	1
relation i2	1
ij k	1
ji k	1
ik =	1
j hold	1
group z5	1
|z| =	1
basic properties	1
eg g	1
gg e	1
g g(gg	1
= g(gg	1
= aea1	1
aea1 aa1	1
e. similarly	1
e. consequently	1
xa b	1
c g	1
exponent hold	1
= gm+n	1
= gnhn	1
william burnsides	1
integer 2z	1
r. identity	1
= 1/1	1
ris associative	1
qis associative	1
h c.	1
group z4	1
h3 =	1
subgroup theorems	1
identity e	1
hand cancellation	1
inverse h1	1
= g1	1
group compute	1
z8 compute	1
term abelian	1
s \	1
quantum physics	1
ab gl2(r	1
2 =	1
rand z	1
r define	1
z. define	1
z. show	1
ghg1 =	1
upc symbols	1
upc symbol	1
1 d12	1
upc error	1
upc code	1
product notation	1
isbn codes	1
international standard	1
standard number	1
book publisher	1
scheme work	1
character x	1
states prefix	1
w. theory	1
s. arithmetic	1
modular arithmetic	1
m. theory	1
a. e.	1
= 2m2n	1
g. furthermore	1
= aman	1
inverse g1	1
|a| =	1
generate z6	1
group z	1
g ar	1
= as+r	1
h ak	1
amq+r =	1
= hqar	1
ar akhq	1
= akhq	1
k mq	1
k nq	1
e anq+r	1
integer s.	1
ans =	1
b ak	1
d gcd(k	1
= gcd(k	1
bci =	1
z1 csuch	1
z 2	1
w 2i	1
3i)(1 2i	1
13 3	1
rectangular coordinate	1
xy plane	1
polar coordinate	1
nonzero point	1
distance r	1
r sin	1
 b	1
w cis	1
s cis	1
3 cis(/3	1
= cis	1
= rn+1[(cos	1
z 1+i	1
qand rhave	1
zn 1	1
= cis(2k	1
repeated squares	1
power modulo	1
b ax	1
c ay	1
bc ax+y	1
k multiplication	1
73,441 329	1
a22n a2n+1	1
i c	1
n 20	1
3 2i	1
= |z|2	1
w| |z|	1
w| ||z|	1
subgroup aman	1
b prove	1
torsion subgroup	1
x. show	1
order pq	1
order m	1
order d.	1
t. prove	1
z c.	1
c. cryptology	1
computational theoryan	1
number theoryan	1
theoryan introduction	1
group sx	1
sn sn	1
operation associative	1
multiply permutation	1
permutation multiplication	1
permutation sx	1
ak x	1
= a3	1
2 75	1
6 72	1
6 71	1
7 5	1
a2 7a3	1
disjoint set	1
2)(1 2	1
d 12	1
12 n	1
alternating groups	1
3)(2 4	1
augustin cauchy	1
louis cauchy	1
french revolution	1
familys neighbor	1
pierre laplace	1
simon laplace	1
nth dihedral	1
vertex k1	1
order 2n	1
relation srs	1
n gon	1
rotation r	1
reflection s1	1
sn/2 sn	1
motion t	1
vertex k	1
t rk	1
= rk	1
dn =	1
r3 =	1
2 4)|	1
5 4)|	1
5 4)2|	1
1 2)1	1
3 7)1	1
2)(4 7)]1	1
= oy	1
= prove	1
y. prove	1
lagrangess theorem	1
g2 g1h	1
g2 h.	1
h partition	1
g partition	1
disjoint union	1
g1h g2h.	1
g1 g2h.	1
partition g	1
g z6	1
gh lh	1
= g2h.	1
h2 h.	1
cancellation h1	1
let |g|	1
order exist	1
4 2)1	1
6.16 two	1
|u(n)| =	1
bp b	1
lagranges ability	1
royal artillery	1
artillery school	1
berlin academy	1
state theorem	1
describe g.	1
element h	1
g2 h	1
gn show	1
g divide	1
ab h.	1
punctuation mark	1
ciphertext message	1
encryption algorithm	1
people b	1
vice versa	1
transformation f1	1
transformation f	1
b 7e	1
z 7c.	1
message dojheud	1
letter alphabet	1
b 14	1
= 14	1
decrypting function	1
function f1	1
b mod	1
a1p mod	1
a1b mod	1
decryption function	1
aine code	1
letter p1	1
a1p a1b	1
word help	1
frequency analysis	1
w. diie	1
m. hellman	1
r. rivest	1
a. shamir	1
l. adleman	1
100 million	1
10 million	1
50 million	1
integer e	1
number d	1
person a	1
n. suppose	1
xkm+1 =	1
mod q	1
alices encryption	1
xe n	1
bobs key	1
f. kasiski	1
w. kasiski	1
w. friedman	1
l. hill	1
purpose machine	1
axis nation	1
alan turing	1
enigma machine	1
japanese purple	1
purple cipher	1
banking transaction	1
computer datum	1
standards standard	1
data encryption	1
trapdoor knapsack	1
rsa system	1
rsa laboratories	1
cash prize	1
henry stimson	1
herbert hoover	1
black chamber	1
state departments	1
departments division	1
cryptography division	1
national agency	1
security agency	1
advanced standard	1
message encoding	1
decode zlooa	1
zlooa eharq	1
wklva eharq	1
eharq ilqdo	1
wkha ilqdo	1
aphuo egehp	1
ckvue chkve	1
egehu ehfke	1
exdkt vgeft	1
vgeft ehfke	1
tehkq lerof	1
pexov geryt	1
erykp geryt	1
xdrte rgaga	1
message cryptology	1
exercise 7.4.7	1
compute d.	1
world wonder	1
jiw ioc	1
ocfrj ioc	1
lpoevyq ioc	1
ocf ioc	1
rjl poe	1
poe ioc	1
vyq ioc	1
xe x	1
another code	1
fermats factorization	1
factorization algorithm	1
y^2 <	1
y^2 =	1
recall fermats	1
screening test	1
214 4	1
216 1	1
base show	1
primality test	1
d. factorization	1
m. directions	1
e. directions	1
new directions	1
ieee trans	1
m. mathematical	1
mathematical game	1
a. primality	1
carmichael numbers	1
m. e.	1
key cryptosystems	1
computer communication	1
medium technology	1
code word	1
error indication	1
3n tuple	1
ith place	1
repetition method	1
repetition scheme	1
american code	1
standard code	1
information interchange	1
error check	1
communication channel	1
error checking	1
parity bit	1
computer store	1
store information	1
word length	1
parity system	1
repetition code	1
tuple differ	1
likelihood decode	1
probability p	1
k coordinate	1
fix k	1
n coordinates	1
k error	1
probability qkpnk	1
p 0.995	1
= 0.995	1
bit message	1
error occur	1
1 0.082	1
block code	1
2 zm	1
information block	1
rightmost bit	1
error message	1
noncodeword z	1
scheme correct	1
codewords c1	1
c. shannons	1
shannons paper	1
richard hamming	1
bell labs	1
reed muller	1
6)-block code	1
nasas probe	1
mariner probe	1
convolution code	1
nonzero weight	1
matrix theory	1
row matrix	1
multiplication operation	1
x3 x4	1
y null(h	1
> m.	1
bit position	1
matrix g	1
message word	1
bit serve	1
standard generator	1
xk yk	1
dard generating	1
generating matrix	1
hg =	1
c hg	1
ij =	1
y c.	1
hy hgx	1
= hgx	1
gxt y.	1
ynm+2 a21y1	1
= a21y1	1
xi yi	1
= yi	1
tuple ei	1
tion position	1
syndrome hx	1
ith bit	1
m)-linear code	1
x zn	1
coset e	1
error e	1
tuple x	1
x c	1
h(x y	1
24)-block code	1
distance d	1
ascii value	1
2)-block code	1
p 0.0001	1
= 0.0001	1
cise 8.6.11	1
code give	1
c. give	1
= d(y	1
character set	1
bit code	1
mation position	1
ming code	1
k check	1
12)-linear code	1
coset decode	1
transmission noise	1
error probability	1
i. codes	1
f. codes	1
n. theory	1
g. conception	1
h. conception	1
hardys conception	1
f. j.	1
n. a.	1
holland library	1
mathematical library	1
c. a	1
e. a	1
a theory	1
bell system	1
t. m.	1
group t	1
z4 iby	1
z qby	1
2mn =	1
1 71	1
5 77	1
z6 s3	1
n 7an	1
zn g	1
k 7ak	1
cayley theorem	1
tation theorem	1
representation theory	1
1 7	1
2 7	1
theorem cayley	1
permutation g	1
= gb	1
b g1a	1
g. let	1
= h.	1
arthur cayley	1
adult life	1
universitys statute	1
g conversely	1
h. conversely	1
component group	1
external products	1
g2 gn	1
group g1	1
= gn	1
m n.	1
order ri	1
z12 z60	1
group z3	1
zm zmn	1
zn zmn	1
= zmn	1
1 zp	1
= j	1
internal products	1
product component	1
group d6	1
= s3	1
z2 s3	1
hk kh	1
k. define	1
group z6	1
group h1	1
hj hj	1
z4 z8	1
infinite cyclic	1
z4 z2	1
z4 z6	1
z30 z45	1
z10 z80	1
z24 z80	1
s3 z2	1
h. show	1
g2 g3	1
7a ib	1
h g.	1
zni =	1
n= dif	1
mn= lif	1
l lcm(m	1
assume g	1
order p.	1
y g	1
= zky	1
ziyj |	1
property hold	1
= hg	1
gng1 n	1
n gng1	1
g1n(g1)1 n.	1
= gng1	1
= bn1	1
multiplying coset	1
nz. notice	1
integer addition	1
group dn	1
r1 rn	1
alternate group	1
a4)1 n	1
permuation group	1
c. jordan	1
l. dickson	1
e. dickson	1
daniel gorenstein	1
r. greiss	1
subgroup 8z	1
h d4	1
= q8	1
g. conclude	1
xg gx	1
group sn	1
group structure	1
sin sin	1
ab1 h1	1
g1hg h1	1
map z	1
k ker	1
coset representative	1
g1kg2 k	1
diagram commute	1
generator define	1
n 7gn	1
n. so	1
n h	1
h. also	1
hnhn =	1
n. furthermore	1
gn s	1
h1h2n s	1
n s.	1
h1 h1	1
h2n h2	1
h2 h1	1
gn 7gh	1
kernel hence	1
n h.	1
z10 z10	1
b gl2(r	1
r gl2(r	1
+ d	1
g 7gn	1
= h2	1
b show	1
= gxg1	1
g 7ig	1
compute aut(s3	1
zn zn	1
k 7k	1
transformation group	1
= t(x1e1	1
a)(det b	1
linear transformation	1
multiplie volume	1
multiplie area	1
special groups	1
linear groups	1
1/ det	1
ax =	1
 1/2	1
dot product	1
vector ax	1
as= rs	1
ay= y.	1
ax ay2	1
x y2	1
length preserve	1
y)2 ay2	1
ax2 ay2	1
r2 counterclockwise	1
b ac	1
y rn	1
isometry f	1
x2 2f(x	1
f(y)+ y2	1
= f(x	1
y+ y2	1
= aby	1
x rn	1
element r0	1
+ 1)0	1
1)0 1	1
|g/ ker	1
ker |	1
= r1	1
wallpaper groups	1
crystal structure	1
y2 =	1
g e(2	1
t l	1
group g0	1
lattice cell	1
cell shape	1
space groups	1
glide reflections	1
p4 m	1
leonardo vinci	1
da vinci	1
eighteenth problem	1
n dimension	1
l. bieberbach	1
rotation group	1
h. m.	1
w. generators	1
o. generators	1
j. generators	1
discrete groups	1
l. c.	1
c. groups	1
t. groups	1
reflection groups	1
h. crystallography	1
e. h.	1
r. symmetry	1
geometric symmetry	1
g. groups	1
transformation groups	1
j. hilberts	1
hilberts problem	1
crystallographic groups	1
fundamental domains	1
t proceedings	1
pure mathematics	1
f. c.	1
b. i.	1
r. course	1
d. course	1
elementary course	1
mathematical symmetry	1
mathematical gazette	1
princeton press	1
= zn	1
power order	1
group zzn	1
denominator q1	1
k h	1
z2 z5	1
z9 z5	1
z4 z3	1
z4 z9	1
z4 z5	1
exercise 4.5.39	1
subgroup h.	1
|g| =	1
h| |g|	1
ap)s h	1
ar 1	1
divisor q	1
order q	1
subgroup g1	1
integer r.	1
order p0	1
g gi	1
h gi	1
order pi	1
2 p	1
g1 gk	1
integer b1	1
ga1b1 gakbk	1
pi group	1
group gi	1
r ps	1
ap =	1
b gk	1
g k.	1
g= g	1
z|g| h	1
solvable groups	1
z24 2612{0	1
z 3z	1
3z 9z	1
z60/3= 20/{0	1
= z4	1
z60/4= z4	1
h0 h1	1
h0 kz	1
= kz	1
theorem hlder	1
k1 k0	1
kj hn1	1
kj+1 hn1	1
hi+1 hi	1
nonproper inclusion	1
h1 h0	1
k0 hn1	1
group s4	1
s4 a4	1
sn an	1
s3 z4	1
n divide	1
p1 p0	1
k. prove	1
b g.	1
hand kare	1
k(h k	1
zassenhaus lemma	1
use schreiers	1
schreiers theorem	1
g x	1
x r2	1
g d4	1
d4 act	1
= g(hx	1
g clearly	1
gg)xh =	1
g y	1
= y	1
2)(4 5	1
o4 =	1
g. the	1
xg x	1
gx g.	1
g6 =	1
stabilizer group	1
e gx	1
h gx	1
gx x	1
g gx	1
x g1x	1
= g1x	1
element x	1
|ox| =	1
orbit ox	1
coset lgx	1
y ox	1
y. define	1
y2 g2x	1
= g2x	1
action partition	1
partition x	1
= |xg|	1
= n1	1
|oxk| nk	1
= nk	1
computer scientist	1
p |g|	1
|z(g)| p	1
g z(g	1
integer m	1
equivalent coloring	1
= |gx|	1
k distinct	1
|xg| =	1
k |g|	1
geometric example	1
switch theory	1
theory problem	1
permutation e	1
= f(4	1
3 4)|	1
3)(2 4)|	1
2)(3 4)|	1
x(2 4)|	1
= g((x	1
x. therefore	1
n cycle	1
x| |n	1
n input	1
22n function	1
f3 f5	1
f11 f13	1
function permutation	1
vertex set	1
william burnside	1
royal society	1
w. feit	1
plane counterclockwise	1
carbon atom	1
chlorine atom	1
chemical compound	1
ch3 radical	1
|x| |xg|	1
de bruijin	1
n. plyas	1
g. plyas	1
plyas theory	1
e. f.	1
j. cubelike	1
a. cubelike	1
r. contributions	1
w. contributions	1
plyas contributions	1
chemical applications	1
graph theory	1
a. t.	1
academic press	1
h. mathematics	1
b. mathematics	1
discrete mathematics	1
modern algebra	1
r. enumeration	1
c. enumeration	1
combinatorial enumeration	1
l. groups	1
w. groups	1
gxi xig	1
= xig	1
p n	1
n p	1
> p	1
subgroup p	1
h s	1
h 7hkh1	1
k 7hkh1	1
g. notice	1
x1px p	1
= xp.	1
p dividing	1
dividing |g|	1
h therefore	1
= therefore	1
p. therefore	1
|n(p)| k.	1
sylow q	1
subgroup q	1
q s.	1
p conjugate	1
p conjugacy	1
p s	1
peter ludvig	1
ludvig sylow	1
mejdell sylow	1
page paper	1
colleague lie	1
< q	1
order q.	1
= zp	1
= zpq	1
z9 z11	1
7 47	1
b gbe	1
exercise 10.4.14	1
subgroup h1	1
count argument	1
k2 k.	1
k bk1	1
= bk1	1
b k.	1
hk h1k1	1
k hence	1
ki k	1
k| time	1
|k|)/|h k|	1
16 16	1
nonprime order	1
divisor p	1
sylows theorem	1
sylows theorems	1
p q2	1
group prove	1
order pr	1
order pnk	1
k show	1
p. show	1
order pe1	1
sylow p1	1
subgroup p1	1
frattini lemma	1
m. show	1
pk subset	1
element subset	1
t t	1
p u	1
pk divide	1
pk |h|	1
| pk	1
pk =	1
b gis	1
a history	1
short history	1
fields medal	1
mathematical intelligencer	1
j. solvability	1
g. solvability	1
d. groups	1
ams publishing	1
chelsea publishing	1
r. classification	1
7 11	1
matrix addition	1
1 =	1
matrix operation	1
ring h	1
z. notice	1
z r	1
q r	1
r c.	1
r m2(r	1
triangular matrix	1
set z[i	1
a(b c	1
ab a0	1
= a0	1
d. we	1
ddby a(d	1
d2 d	1
= ad2	1
= d2	1
a. consequently	1
z zn	1
r. certainly	1
integer m.	1
proposition 16.27	1
b i	1
b. notice	1
quotient ring	1
ring multiplication	1
k)(s k	1
j i.	1
s 7s	1
+ m2	1
r1 r2)a	1
m1 m2	1
m ab	1
m ba	1
= m	1
r. choose	1
m. consequently	1
ab p	1
p. this	1
ab p.	1
amalie noether	1
max noether	1
emmy noethers	1
noethers father	1
meine herren	1
war i	1
habilitation examination	1
text treat	1
von neumann	1
noethers ability	1
bryn college	1
mawr college	1
advanced study	1
albert einstein	1
sun ts	1
century a.d.	1
a+km satisfy	1
a)ms =	1
b a)s]m	1
congruent mn	1
modulo mn	1
ci b	1
c1 c2	1
+ 5	1
mod nk	1
modulo n1	1
263 1	1
encryption scheme	1
processing unit	1
2134 44	1
2134 55	1
11 9	1
61 30	1
55 55	1
46 55	1
98 99	1
put time	1
sages design	1
z/6z z/15z.	1
ring q	1
c m2(r	1
calculation modulo	1
= 1s.	1
r. s	1
then s	1
r correspond	1
t r	1
a. show	1
identity 1r	1
r. define	1
r 7uru1	1
r. denote	1
u 7iu	1
compute aut(z	1
x2 x.	1
j r.	1
mod j	1
j show	1
ring isomorphism	1
f. w.	1
k. rings	1
r. rings	1
noncommutative rings	1
commutative rings	1
d. e.	1
computer programming	1
semi algorithms	1
- algorithms	1
numerical algorithms	1
wesley professional	1
h. rings	1
n. h.	1
multiply polynomial	1
= p(x)q(x	1
6x4 4x3	1
24x2 27x	1
f 0	1
ci =	1
i. notice	1
6 3x2	1
nonzero polynomial	1
x2 3xy	1
ring r[x	1
theorem division	1
deg r1(x	1
mial q(x	1
0 q	1
polynomial a(x	1
irreducible polynomials	1
x2 +1	1
= dai	1
theorem lemma	1
p c.	1
p ai	1
q. then	1
b 1	1
= b(a	1
p. suppose	1
p b0	1
p c0	1
| c0	1
p an	1
= brcs	1
p ck	1
= f(x)p(x)q(x	1
element f(x	1
p(x)is maximal	1
ing p(x	1
omar khayyam	1
ax3+bx2+cx+d =	1
luca pacioli	1
summa arithmetica	1
de arithmetica	1
scipione ferro	1
renaissance secrecy	1
antonio fior	1
savage wound	1
gerolamo cardano	1
ludovico ferrari	1
del ferros	1
ferros paper	1
ars magna	1
algebra experience	1
3x 2)2	1
6x4 2x3	1
2x2 3	1
unit p(x	1
6x4 3x2	1
| p(x	1
| q(x	1
x a.	1
rational theorem	1
root theorem	1
r |	1
prime p.	1
p zero	1
define f(x	1
char =	1
a(x a1)(x	1
a1)(x a2	1
r isomorphic	1
max(deg p(x	1
z p	1
solution a	1
z3 pz2	1
pz2 4rz	1
exercise 17.6.10	1
+ k)2	1
x3 7x2	1
x4 4x3	1
rational q	1
element p	1
= 3/6	1
fraction 1/2	1
ad =	1
cb da	1
f yield	1
bde bed	1
= ad	1
fraction fd	1
d. furthermore	1
d fd	1
divide b	1
element c	1
p d	1
arithmetic state	1
number pk	1
p1 pk	1
= q1	1
q1 qs	1
fundamental theo-	1
3 i	1
3b2 2	1
ideal domains	1
b= a.	1
d. hence	1
unit u	1
= bx	1
y d.	1
xy 1	1
pis maximal	1
| p.	1
por b	1
b p.	1
i=1 ii	1
i1 i	1
b ij	1
i. again	1
integer i.	1
ra ii	1
= a1b1	1
ascending chain	1
= c1p1	1
element p1	1
p1 q1	1
| q1	1
unit u1	1
d. therefore	1
u1q2 q	1
= q2	1
= q3	1
p 1	1
p(x)= z[x	1
euclidean domains	1
d \	1
absolute value	1
bi| =	1
w z[i	1
z z[i	1
w c	1
bc ad	1
c2 i	1
integer mi	1
zw1 =	1
+ 1/4	1
= 1/2	1
q m2i	1
d. suppose	1
polynomial q(x	1
p ar	1
p bs	1
term arb	1
p cr+s	1
| cr+s	1
b1 d	1
= b1g1(x	1
ab |	1
c d	1
b1 bn	1
uc1 ck	1
= digi(x	1
karl gauss	1
friedrich gauss	1
child prodigy	1
father business	1
disquisitiones arithmeticae	1
wilhelm weber	1
f. morse	1
b. morse	1
sophie germain	1
d d	1
d. prove	1
i1 i3	1
i2 i3	1
emil artin	1
ab s	1
s(sa sa	1
r s1r	1
circuit theory	1
ordered set	1
x x.	1
relation p	1
b. a	1
| a	1
| p	1
element u	1
element l	1
y such	1
poset x.	1
poset l	1
b. certainly	1
duality condition	1
associative law	1
idempotent law	1
c u	1
= u.	1
d a.	1
poset x	1
a \	1
x \	1
c p(x	1
lattice b	1
element o	1
c b.	1
c b	1
finite algebras	1
o. equivalently	1
element b1	1
= b2	1
b3 b2	1
b2 b1	1
algebra b	1
b b.	1
o. hence	1
b. let	1
b p(x	1
b1 bm	1
circuit design	1
computer circuitry	1
othera switch	1
terminal a	1
series circuit	1
series ab	1
circuit ab	1
switch a	1
cellent support	1
george boole	1
boole work	1
bertrand russell	1
cipia mathematica	1
kurt gdel	1
computer chip	1
poset generalize	1
lattice diagram	1
variable x1	1
t. theory	1
lattice theory	1
pergamon press	1
p. r.	1
basic concepts	1
algebraic logic	1
mathematical aspects	1
z coordinate	1
temperature distribution	1
v q	1
w =	1
x2 r	1
vector v1	1
= 1v1	1
v1 k1	1
sages computation	1
linear functionality	1
algebra functionality	1
q. find	1
f n	1
4x3 =	1
2x1 x2	1
linear transformations	1
t. conclude	1
m k.	1
dim v	1
w. show	1
f. suppose	1
vector isomorphism	1
space isomorphism	1
w. conclude	1
space w.	1
= w	1
dimension k	1
= v	1
space w	1
dim(u v	1
dual spaces	1
t hom(v	1
f vector	1
v f	1
element v	1
o. algebra	1
c. algebra	1
introductory approach	1
prentice hall	1
englewood cliffs	1
l. w.	1
r. d.	1
t. introduction	1
base field	1
e q	1
+ 1)q(x	1
f f[x]/p(x	1
+ p(x)=	1
zero set	1
e. set	1
= f[x]/p(x)such	1
1 z2[x	1
algebraic element	1
q. numbers	1
11the probability	1
2 2	1
element transcendental	1
p(x)and p(x	1
an1n a0	1
an2n1 a0	1
b1 c1	1
bn1 cn1	1
bi =	1
ai f	1
a0 f[x	1
j=1 bjj	1
aij f.	1
mn vector	1
cij =	1
n e	1
f. f	1
linear polynomial	1
e f(1	1
cube root	1
= assume	1
f. assume	1
degree k	1
= n.	1
zero 1	1
e k(2	1
= k(2	1
field isomorphism	1
e. therefore	1
l f	1
k. choose	1
choose one	1
k. similarly	1
extension k	1
two thousand	1
constructible number	1
length ||	1
unit length	1
= x/	1
x2 =	1
coordinate p	1
equation ax	1
y y1	1
x2 x1	1
x x1	1
e1x f1	1
+ f1	1
b(e2 e1)y	1
x coordinate	1
q f1	1
f1 fk	1
i fi	1
60= 1/2	1
8x3 6x	1
sages root	1
algebraic theory	1
diophantus arithmetica	1
andrew wiles	1
wiless achievement	1
york times	1
ernst kummer	1
kummer student	1
leopold kronecker	1
kronecker theory	1
hermann minkowski	1
gttingen university	1
andr weil	1
alexander grothendieck	1
pierre deligne	1
gerd faltings	1
faltings proof	1
q. conclude	1
splitting e	1
z[x]/x3 2is	1
e. f	1
deg p	1
p prove	1
r. elements	1
a. elements	1
u. a	1
a budget	1
f. problem	1
famous problem	1
elementary geometry	1
g. constructions	1
h. pollard	1
h. diamond	1
g. diamond	1
algebraic numbers	1
e. introduction	1
a. introduction	1
random house	1
n 0	1
z f	1
k vector	1
p element	1
bpn =	1
= apn+1	1
q. let	1
= k(x	1
xpn x	1
1)pn =	1
xpn x.	1
xpm x	1
g satisfie	1
r dividing	1
eof element	1
field z2/1+x+x4	1
1 +	1
function e	1
shift register	1
n k.	1
3)-code c	1
exercise 20.5.15	1
matrix g1	1
ring structure	1
a0 t	1
c. consequently	1
c. hence	1
theorem 22.16	1
xn 1is	1
4)-block code	1
polynomial g(t	1
= g(x)h(x	1
dermonde determinant	1
1)n+n det	1
nonzero coeicient	1
a. hocquenghem	1
r. bose	1
c. bose	1
d. chaudhuri	1
v. chaudhuri	1
ray chaudhuri	1
information word	1
28 1	1
231)-block code	1
failure rate	1
16 million	1
eicient error	1
correction algorithm	1
let c	1
| f(x	1
= lcm[m1(t	1
x 1)(x4	1
| m.	1
qis cyclic	1
= f.	1
f k	1
frobenius map	1
power surge	1
error burst	1
k)-cyclic code	1
n digit	1
= c0	1
c1 t	1
w1 t	1
error polynomial	1
aith bit	1
+ t4	1
three hundred	1
x6 x3	1
b q	1
f. element	1
field automorphism	1
d isomorphism	1
f. finally	1
order k.	1
nk =	1
pm root	1
exercise 17.5.20	1
separable extension	1
1)n1(x 2)n2	1
e. equivalently	1
way gcd(f(x	1
char p	1
define h(x	1
i(a b	1
f also	1
eg also	1
e. also	1
f eg	1
+ 1(2)x2	1
nonzero term	1
x2 i(a2	1
a2 i(a2	1
nonzero entry	1
nonzero solution	1
an+1 f.	1
extension f	1
deg g(x	1
= kg	1
k. thus	1
k. then	1
f. let	1
= x4	1
galois g	1
q((1 i	1
p. ruini	1
niels abel	1
henrik abel	1
love affair	1
k f	1
k e.	1
f f1	1
e. define	1
define k1	1
ki fi	1
fn =	1
degree polynomial	1
= x5	1
= q[x	1
x56x327x3 q[x	1
bi 7a	1
exercise 21.5.28	1
gausss proof	1
number factor	1
field l	1
e. we	1
l r	1
k r	1
completeness axiom	1
theory sage	1
extension conjugate	1
x4 8x2	1
xp t	1
conjugate field	1
e. theory	1
mathematical lectures	1
h. galois	1
m. galois	1
l. theory	1
classical theory	1
d. a	1
j. a	1
t. life	1
short life	1
license document	1
gnu general	1
copyleft license	1
software manual	1
copyright law	1
text editor	1
paint program	1
draw editor	1
file format	1
texinfo format	1
latex format	1
word processor	1
output purpose	1
work title	1
section name	1
verbatim copying	1
display copy	1
computer network	1
standard network	1
network protocol	1
transparent copy	1
a. use	1
history section	1
b. list	1
c. state	1
d. preserve	1
e. add	1
f. include	1
g. preserve	1
contributor acknowledgement	1
l. preserve	1
section number	1
m. delete	1
invariant section	1
o. preserve	1
secondary sections	1
modified versions	1
versions notice	1
entitle acknowledgements	1
independent works	1
compilation user	1
text requirement	1
documents cover	1
future revision	1
multiauthor site	1
collaboration site	1
web server	1
nent facility	1
massive multiauthor	1
multiauthor collaboration	1
commons share	1
attribution share	1
license pub-	1
commons corporation	1
san francisco	1
copyleft version	1
program code	1
software license	1
b. equivalently	1
x therefore	1
b therefore	1
a. therefore	1
= 3/4	1
y a.	1
= f(y	1
1)/(x 1	1
y n.	1
+ 1)(2k	1
exercise 2.4.16	1
4 groups	1
an)1 =	1
order h	1
48 1	1
g1 show	1
gh. show	1
g1 hg	1
g(h k	1
11 41	1
y 7x	1
y. show	1
k 7cis(2k	1
h aba1b1	1
= aba1b1	1
hng1 =	1
z24 z18	1
g. then	1
x2 y2	1
y+ x2	1
ris so(n	1
p6 m	1
3 2)}{0	1
nn nn1	1
n g1	1
identity cycle	1
3 subgroup	1
p3 =	1
= 128	1
order q2	1
r. thus	1
r2 i	1
s2 j	1
o ab	1
t(u v	1
2/3)x2 62/9	1
k. it	1
= p()/q	1
x3 +1	1
element f	1
wilsons theorem	1
+2x2 x2	1
q. prove	1
page number	1
b modulo	1
binomial k	1
coeicient k	1
n!/(k!(n k	1
g mod	1
n indeterminant	1
niels henrik	1
ackermann function	1
algebraic extension	1
algebraic number	1
ascend condition	1
binary operation	1
augustin louis	1
cayleys theorem	1
commutative diagram	1
commutative ring	1
conjugate element	1
l. e.	1
fermats factorizationalgorithm	1
pierre de	1
scipione del	1
karl friedrich	1
jordan theorem	1
joseph louis	1
pierre simon	1
linear combination	1
linear dependence	1
minimal generator	1
minimal polynomial	1
a. emmy	1
null space	1
polynomial separable	1
prime element	1
prime ideal	1
prime integer	1
principal series	1
scalar product	1
span set	1
standard decoding	1
sylowp subgroup	1
transcendental element	1
transcendental number	1
upper bind	1
vandermonde determinant	1
alfred north	1
zero divisor	1
