vector space	270
gausss method	89
echelon form	78
range space	70
linear systems	56
vector spaces	55
v w	50
basis b	47
row operation	44
section iii	43
column vector	41
identity matrix	38
section ii	35
jordan form	34
equivalence class	34
solution set	32
gauss jordan	32
chapter four	32
vector v	32
transformation t	32
basis vector	30
form matrix	30
matrix multiplication	29
linear system	29
v v	29
matrix operation	28
identity map	27
rst row	26
column space	26
row vector	25
matrix equivalence	25
linear map	24
permutation expansion	24
equivalence relation	24
j entry	23
linear maps	23
matrix h	23
matrix t	23
basis matrix	23
similarity class	23
permutation matrix	22
linear algebra	21
row equivalence	21
row space	21
r2 r2	21
section iv	21
string basis	21
matrix vector	20
dot product	19
chapter three	18
row swap	18
r r	18
space v	18
coordinate vector	18
nonzero vector	17
row rank	17
y axis	17
jordan reduction	15
denition a	15
section i.	15
row combination	15
xy plane	15
hand side	15
echelon matrix	15
transition matrix	15
projective geometry	14
solving systems	14
mathematical monthly	14
| c1	13
m =	13
w1 w2	13
i th	13
vwrt b	13
section definition	13
i. definition	13
t string	13
american monthly	13
computing maps	12
gram schmidt	12
y z	12
| |v	12
nonzero entry	12
i. denition	12
lemma a	12
majority cycle	12
dimensionless product	12
map t	12
vector product	12
arrow diagram	12
reduction matrix	12
multiplication operation	11
section denition	11
degree polynomial	11
column rank	11
matrix equation	11
linear geometry	10
linear independence	10
chis method	10
form version	10
t r	10
line segment	10
preference list	10
matrix similarity	10
section vi	10
jordan block	10
reduced echelon	9
ad bc	9
mn matrix	9
| t	9
1 1	9
vector addition	9
| a0	9
c r	9
example a	9
voting paradox	9
l1m0 t	9
p2 p2	9
combination lemma	8
input output	8
dimensional analysis	8
| r	8
s =	8
polynomial p(x	8
nn matrix	8
unit cell	8
section isomorphisms	8
i. isomorphisms	8
r2 r3	8
map h	8
computer graphic	8
expansion formula	8
disjoint string	8
recurrence relation	8
university press	8
output analysis	7
laplace expansion	7
l =	7
row reduction	7
auto industry	7
w v	7
matrix addition	7
nontrivial vector	7
subset s	7
| b	7
v s	7
= a1	7
1 2	7
= w1	7
w2 =	7
inverse image	7
t t	7
= x2	7
g h	7
matrix product	7
c1 t	7
triangular matrix	7
magic square	7
mnn r	7
euclidean geometry	7
cayley hamilton	7
linear recurrences	6
combination operation	6
reduction step	6
z r	6
form system	6
matrix entry	6
matrix notation	6
|v |	6
+ b	6
cauchy schwarz	6
schwarz inequality	6
unit vector	6
class representative	6
nonzero row	6
algebra system	6
voltage drop	6
basis e2	6
plane subspace	6
i entry	6
preference order	6
domain vector	6
c2 v2	6
projection map	6
p3 p3	6
w2 vector	6
matrix representation	6
matrix p	6
function composition	6
r3 r3	6
section change	6
v. change	6
identity form	6
schmidt process	6
o ring	6
ring failure	6
cramers rule	6
similarity diagram	6
t invariant	6
f f	6
elementary problem	6
linear combination	5
markov chains	5
page ranking	5
jordan method	5
chemistry problem	5
| 2x	5
echelon system	5
x1 x2	5
k r	5
v r	5
base step	5
product operation	5
u v	5
example consider	5
base case	5
matrix row	5
steel industry	5
computer code	5
current law	5
number multiplication	5
element set	5
r f	5
b2 sin	5
s t	5
matrix form	5
hfa gec	5
idb gec	5
w =	5
basis b1	5
chapter five	5
= 2x	5
a2 sin	5
= d2	5
r3 r2	5
theorem a	5
w1 vector	5
basis element	5
= t	5
th component	5
wrt e2	5
matrix repb	5
matrix class	5
markov chain	5
american league	5
league team	5
plane gure	5
matrix s	5
cramer rule	5
t repd	5
c2 c2	5
c3 c3	5
hamilton theorem	5
world population	5
page rank	5
output value	5
martin gardner	5
scientic american	5
best fit	4
magic squares	4
orthonormal matrices	4
complex vector	4
self composition	4
d r	4
5x2 2x3	4
use method	4
vector sum	4
vector notation	4
plane r2	4
= a2	4
ck r	4
b1 a1	4
= c2	4
p =	4
triangle inequality	4
v rn	4
echelon version	4
linear lemma	4
voltage law	4
kirchhos law	4
number addition	4
number variable	4
v =	4
coecient c1	4
c2 r	4
xz plane	4
linear relationship	4
corollary a	4
proof first	4
hand matrix	4
1 3	4
y 2x	4
w1 =	4
| p(x	4
w w	4
l3m1 t	4
l0m0 t	4
buckinghams theorem	4
v1,v2 v	4
m22 r	4
image vector	4
isomorphism class	4
domain v	4
rn rm	4
v h(v	4
| h(v	4
image set	4
map action	4
1 72	4
3 70	4
= c1	4
map inverse	4
representation repb	4
unit matrix	4
p q	4
v r3	4
wwrt d	4
column operation	4
= proj[1](v	4
fundamental theorem	4
shu square	4
point v	4
= b	4
cross product	4
n permutation	4
square cube	4
cube law	4
laplace formula	4
vector equation	4
movie projector	4
vanishing point	4
desargues theorem	4
division theorem	4
wrt b	4
eigenvector v	4
non-0 vector	4
|t xi|	4
p np1	4
t 3i	4
t n1	4
y c	4
middle needle	4
a2 cos(t	4
bean diagram	4
c. trigg	4
w. trigg	4
mathematical games	4
mathematics magazine	4
degree n	3
n polynomial	3
web page	3
schmidt orthogonalization	3
canonical form	3
i. systems	3
system solution	3
reduction operation	3
nonzero coecient	3
unknown system	3
s1 s2	3
great mathematician	3
poor nut	3
| y	3
r v	3
vector operation	3
y 2z	3
equation system	3
ussr olympiad	3
innite solution	3
element solution	3
b2 a2	3
direction vector	3
plane subset	3
pythagorean theorem	3
nonzero v	3
| u	3
unit cube	3
j condition	3
+ 1	3
coecient ci	3
truck driver	3
computer system	3
w. leontief	3
steel input	3
21 243	3
steel auto	3
auto system	3
intersection point	3
input value	3
conditioning number	3
voltage rise	3
wheatstone bridge	3
kirchhos laws	3
closure condition	3
f |	3
= n2	3
f =	3
sum v	3
vector multiplication	3
y r	3
vector v1	3
set s	3
s1,s2 s	3
vector s1	3
lemma one	3
scalar c1	3
c2 =	3
= a0	3
c d	3
2 2	3
combination v	3
vector r3	3
vector e1	3
proof fix	3
exchange lemma	3
n vector	3
u w.	3
bu bw	3
a b	3
gaussian reduction	3
v w1	3
= w2	3
antisymmetric matrix	3
w2 v	3
= v	3
number system	3
c f	3
table salt	3
voter list	3
group preference	3
c3 r	3
unit system	3
| p1	3
l0m1 t	3
a0 a1	3
denition an	3
summand case	3
map f1	3
m22 p3	3
w u	3
shift map	3
combining subspaces	3
v w.	3
inverse function	3
function f1	3
c2 f(v2	3
domain space	3
theorem two	3
r3 r	3
preservation property	3
= r1	3
plane vector	3
codomain basis	3
n1 vector	3
4 70	3
vector representation	3
map operation	3
output vector	3
matrix rank	3
mr matrix	3
j unit	3
adjacency matrix	3
matrix inverse	3
= 1/3	3
representation matrix	3
h phq	3
= phq	3
column reduction	3
east west	3
m part	3
google maps	3
= pbq	3
matrix factor	3
chain rule	3
lo square	3
state s0	3
markov model	3
class worker	3
national league	3
erlanger program	3
= dist	3
sign change	3
check condition	3
matrix adjoint	3
computer language	3
da vinci	3
domain plane	3
point incident	3
line incident	3
sin b	3
z c	3
nonzero eigenvector	3
dierentiation operator	3
72 70	3
string b	3
1 70	3
t 3i)p	3
jordan string	3
jordan chain	3
block matrix	3
jordan matrix	3
t kv	3
park population	3
search engine	3
google matrix	3
ankf(n k	3
order k	3
sixty four	3
de parville	3
outputs aux	3
wilberforce pendulum	3
rest position	3
k x(t	3
induction proof	3
d c	3
x y	3
problem book	3
springer verlag	3
umap unit	3
umap modules	3
addison wesley	3
jim hefferon	2
column j	2
m n	2
suh lon	2
lab manual	2
saint michaels	2
voting paradoxes	2
angle measures	2
computer systems	2
algebra systems	2
combining subspace	2
scalar products	2
orthogonal projection	2
size functions	2
laplaces formula	2
polynomial factoring	2
complex numbers	2
complex representations	2
nxn dm	2
swap row	2
swap operation	2
nsn dj	2
= dj	2
2y 5z	2
+ 2	2
apply gausss	2
s0 s1	2
example reduction	2
z w.	2
y =	2
= d	2
number r	2
= 2v	2
vector form	2
parameter set	2
parameter solution	2
proof technique	2
row m.	2
bottom row	2
solution part	2
equation index	2
= di	2
theorem 3.1	2
2y z	2
singleton set	2
solution case	2
2x y	2
= tv	2
a2 c2	2
d2 c2	2
| x1	2
x2 r	2
ship deck	2
parallelogram rule	2
vector description	2
| t1	2
n unknown	2
u u	2
|v |v	2
equality condition	2
yz plane	2
v u	2
= 5/2	2
gauss method	2
lemma row	2
elementary row	2
b c	2
equivalence relationship	2
student x	2
matrix a	2
0 1	2
matrix g	2
row i.	2
theorem one	2
section opening	2
i1 i2	2
statics problem	2
nobel prize	2
dollar value	2
steel total	2
demand estimate	2
17 589	2
2 664/30	2
sensitivity analysis	2
c language	2
row position	2
computer reliance	2
1.000 000	2
1.0 100	2
row entry	2
brake light	2
kirchos law	2
split point	2
north avenue	2
example example	2
element space	2
1 2x	2
space element	2
space dier	2
space p3	2
innite tuple	2
space correspond	2
r f(x	2
vector condition	2
chapter one	2
a1x a0	2
component vector	2
vector r2	2
space r2	2
sum s2	2
lemma 2.9s	2
2.9s statement	2
c1(3x x2	2
space p4	2
| f(x	2
example recall	2
vector s	2
2 3	2
y component	2
3 1	2
space r3	2
union st	2
angle bracket	2
y x)/2	2
basis d	2
basis en	2
coecient dici	2
member d11	2
induction argument	2
k member	2
line subspace	2
lemma ii.1.15	2
s r	2
basis bu	2
4 6	2
row j	2
2 1	2
transpose operation	2
system matrix	2
w2 wk	2
w r3	2
c =	2
basis b2	2
wi wi	2
= wk	2
w1 wk	2
r3 x	2
v w2	2
w1 w1	2
intersection w2	2
pn p(x	2
a0 r	2
dim(w1 w2	2
dim(u w	2
identity element	2
= w	2
b f	2
set b	2
political science	2
vote vector	2
t voter	2
voter election	2
body equation	2
t 0)1	2
pendulum period	2
t 0)p4	2
linear combi-	2
structure preservation	2
dilation map	2
c1 f(v1	2
p1 r2	2
r1 r1	2
vector isomorphism	2
space isomorphism	2
p2 r2	2
 c1 v1	2
isomorphism repb	2
input vector	2
inverse map	2
d w	2
b w	2
a function	2
p2 p3	2
= c1h(1	2
v. a	2
function addition	2
p3 r2	2
r2 r	2
v. prove	2
dxk1 f	2
w s	2
map rank	2
domain element	2
addition property	2
map nullity	2
ci nonzero	2
dimension n.	2
dierentiation transformation	2
dierentiation map	2
space w	2
nontrivial intersection	2
dimension n	2
maps t	2
= n	2
c1 h(1	2
member v	2
domain basis	2
represent d	2
pn r	2
xnand e1	2
2 70	2
basis v	2
matrix h.	2
hs rank	2
g w	2
xing space	2
map g.	2
dierent map	2
w x	2
map 5f	2
function operation	2
th row	2
mr times	2
matrix matrix	2
column index	2
example matrix	2
matrix time	2
integer p	2
p4 p4	2
scalar c0	2
matrix cnt	2
radians counterclockwise	2
example multiplying	2
matrix r1	2
way street	2
markov matrix	2
inverse matrix	2
equation t	2
space vector	2
vwrt d	2
matrix m	2
basis operation	2
row multiplication	2
multiplication matrix	2
v c1	2
starting basis	2
corollary matrix	2
matrix q	2
matrix transpose	2
rn rn	2
north south	2
point p	2
/4 radians	2
perform schmidt	2
v proj[1](v	2
n part	2
= mn	2
n =	2
b n	2
subspace m	2
subspace close	2
data vector	2
world time	2
record time	2
mens mile	2
t |--	2
new york	2
domain interval	2
g f	2
= i.	2
lo shu	2
online encyclopedia	2
integer sequences	2
= s	2
c2 c2n+1	2
ms entry	2
state s3	2
state s2	2
state si	2
probability vector	2
world series	2
probability p	2
united states	2
threshold value	2
quarter circle	2
number k	2
tx b	2
cdh gec	2
remark condition	2
method reduction	2
t 7|ts|/|s|	2
example use	2
twenty seven	2
sequence notation	2
summation notation	2
theorem the	2
vandermonde matrix	2
k j	2
inversion change	2
nn case	2
1 73	2
size function	2
a t	2
t s	2
|e| |s|	2
at a1	2
counterclockwise cycle	2
j minor	2
use cramer	2
language python	2
print row	2
gauss_method routine	2
chis formula	2
chis matrix	2
railroad track	2
image plane	2
plane s	2
plane i.	2
dome model	2
y direction	2
y x.	2
ane transformation	2
section spaces	2
i. vector	2
matrix term	2
arrow square	2
p2 wrt	2
wrt d	2
matrix d	2
vwrt e2	2
t repe2(e1	2
t repb(e1	2
t x	2
t xi	2
x(x 2)2	2
number scalar	2
| c	2
j k	2
remark technically	2
75 70	2
np1 np1	2
dx string	2
hand action	2
71 70	2
index k	2
theorem 2.16	2
t n2	2
t j	2
t 1)q1	2
t z)qz	2
matrix coecient	2
t 2(v	2
power p	2
t 3)2	2
t 4i)p	2
w c	2
t 4)3	2
w n	2
j invariant	2
t 2i)p	2
index one	2
jordan basis	2
t 2v	2
computer algebra	2
stable populations	2
park leave	2
= tvn	2
population level	2
growth rate	2
ten thousand	2
web search	2
page p2	2
page pj	2
matrix formulation	2
f(n k	2
hanoi problem	2
brass plate	2
diamond needle	2
= t(n)+2t(n1	2
aux proc	2
motion x(t	2
d2 x(t	2
a22 cos(t	2
a1 cos(t	2
p q.	2
n2 =	2
= k(k	2
venn diagram	2
exponent rule	2
si sj	2
june july	2
elementary algebra	2
john wiley	2
h.s.m. coxeter	2
american journal	2
et al	2
frank giordano	2
r. giordano	2
linear equations	2
kemp equations	2
wassily leontief	2
w. norton	2
princeton press	2
cambridge press	2
gilbert strang	2
wohascum county	2
county book	2
book problem	2
problem number	2
fourth edition	1
order matter	1
en e1	1
al fuh	1
bay tuh	1
xi ksigh	1
gam muh	1
om cron	1
del tuh	1
ep lon	1
rho row	1
zay tuh	1
sig muh	1
ay tuh	1
tau tow	1
thay tuh	1
eye oh	1
oh tuh	1
phi fee	1
chi ki	1
lam duh	1
psi sigh	1
mu mew	1
us undergraduate	1
book audience	1
book presentation	1
mathematic program	1
program focus	1
algebra course	1
dicult problem	1
problem collection	1
days class	1
license detail	1
exercise answer	1
beamer slide	1
latex source	1
publishing source	1
software development	1
contact information	1
michaels college	1
book emphasis	1
self study	1
semester timetable	1
g ashline	1
coupled oscillators	1
problem set	1
stephen gould	1
jay gould	1
wilbur wright	1
james joyce	1
vermont usa	1
authors note	1
iii form	1
iii.1 reduction	1
spanning sets	1
iii basis	1
iii.1 basis	1
iii.2 dimension	1
iii.3 spaces	1
iii maps	1
iv matrix	1
iv.1 sums	1
iv.4 inverses	1
change representation	1
map representations	1
vi projection	1
iii formula	1
computer graphics	1
iii nilpotence	1
iii.1 composition	1
iii.2 strings	1
iv form	1
iv.1 polynomials	1
school science	1
meter stick	1
mass time	1
balance point	1
linear equation	1
toluene c7h8	1
acid hno3	1
byproduct water	1
y hno3	1
z c7h5o6n3	1
combination coecient	1
= 6x	1
multiply row	1
nontrivial one	1
time row	1
nonzero constant	1
chapter easy	1
equation swap	1
nxn dj	1
am,2s2 dm	1
duction operation	1
letter rho	1
addition step	1
example gausss	1
y term	1
physics problem	1
6y 5z	1
row rescaling	1
example contrast	1
system part	1
example member	1
member pair	1
back substitution	1
yes response	1
use gausss	1
y b2	1
= b1	1
= b3	1
reaction problem	1
equation 5x3y	1
6x 9y	1
method redundant	1
s2 s1	1
us coin	1
code letter	1
wohascum board	1
county board	1
good heavens	1
good heaven	1
= 1/2	1
z 2	1
w free	1
w r	1
w 2/3	1
parametrize set	1
number value	1
m row	1
subscript matter	1
matrix echelon	1
example 2.3s	1
x 2z	1
= 2z	1
case roman	1
addition operation	1
+ 2w	1
w. thing	1
solution vector	1
+ 2z	1
| i	1
| m	1
| j	1
seed cost	1
corn cost	1
40 000	1
r2 lie	1
y a2	1
y a3	1
= a3	1
metal aluminum	1
2w u	1
combination part	1
theorem solution	1
solution description	1
solution p	1
nonhomogeneous system	1
y 2w	1
5z 2w	1
variable u	1
substitute expression	1
z 2v	1
proof method	1
apply method	1
sum total	1
t row	1
t)-th equation	1
equation xm	1
variable xm(t+1	1
ai,1(s1 p1	1
n(sn pn	1
di di	1
h form	1
solution result	1
p s.	1
corollary solution	1
non-0 v	1
solution v	1
sv tv	1
sv =	1
non-0 component	1
non-0 factor	1
non-0 value	1
non-0 solution	1
4y b	1
word singular	1
variable c.	1
set singleton	1
unknown equation	1
eye opening	1
point +2.17	1
match +2.17	1
word vector	1
property vector	1
represent displacement	1
ship motion	1
| v1	1
multiplication component	1
parameter t	1
= 2	1
y/2 z/2	1
tk r	1
n 1)-at	1
independence section	1
equation case	1
system oset	1
equation 2x	1
hyperplane subset	1
north east	1
dene plane	1
section result	1
sw t	1
rn vector	1
motivating discussion	1
3 2u3v3	1
ui vi)2	1
planar subset	1
angle measure	1
triangle inequalitys	1
|v line	1
| line	1
corollary vectors	1
r3 angle	1
angle formula	1
cruiser lion	1
un| |u1|	1
w rn	1
k(u v	1
star gazer	1
month day	1
7 12	1
case relationship	1
direction v1	1
vector velocity	1
lagranges identity	1
rst section	1
stage move	1
stage operation	1
set case	1
x3 r	1
row reducibility	1
use reduction	1
sum what	1
math class	1
observation concern	1
d b	1
g b	1
gaussian operation	1
matrix b	1
k step	1
b dier	1
matching row	1
x5s equation	1
x5s row	1
x1s row	1
non-0 row	1
row number	1
number i.	1
column r2,1	1
row index	1
column k+1	1
hypothesis c1	1
end product	1
row matrix	1
a. observe	1
c dier	1
bs system	1
c dierent	1
subtract row	1
dierent echelon	1
jordan procedure	1
perform gausss	1
starting matrix	1
row class	1
singular matrix	1
roadside cafe	1
purpose program	1
purpose computer	1
i1 i3	1
i3+i4 i6==0	1
i3 =	1
i6 =	1
industry usage	1
steel fall	1
steel purchase	1
664 million	1
year value	1
auto total	1
steel business	1
steel output	1
395)/(25 448	1
year use	1
auto output	1
664)/(30 346	1
5 395/25	1
664/30 346	1
030/30 346	1
year total	1
model prediction	1
steel demand	1
17 489	1
auto steel	1
steel system	1
dollar buy	1
11 869	1
language construct	1
innermost loop	1
mechanize method	1
point arithmetic	1
3.000 000	1
000 03	1
place computer	1
computer result	1
0.0 100	1
y value	1
computer answer	1
row column	1
combination step	1
row max	1
input number	1
line problem	1
4x 2.346y	1
computer arithmetic	1
ill conditioning	1
integer part	1
analyzing networks	1
electricity ow	1
beam headlight	1
batterys force	1
network component	1
ow time	1
ampere ohm	1
voltage amperage	1
amperage response	1
response curve	1
ohmage change	1
zig zag	1
ohm resistor	1
i0 25/6	1
= 25/6	1
series parallel	1
kirchhos voltage	1
i0 loop	1
i0 7/3	1
= 7/3	1
i1 2/3	1
i4 5/3	1
= 5/3	1
25/6 ampere	1
r1 ohm	1
r2 ohm	1
resistance r1	1
trac circle	1
main street	1
pier boulevard	1
analyze network	1
trac volume	1
adapt law	1
modeling assumption	1
intersection state	1
shelburne st	1
winooski ave	1
jay ln	1
network entrance	1
road rst	1
jay entry	1
tween willow	1
trac ow	1
leslie jones	1
jay walk	1
kim ke	1
scalar associate	1
identity operation	1
side rs	1
y 3x	1
= 3x	1
line l	1
rst y1	1
vector commute	1
v l	1
column array	1
example 1.3	1
integer entry	1
term vector	1
a3 r	1
school algebra	1
3x2 4x3	1
vector correspondence	1
space correspondence	1
number entry	1
innite sequence	1
three hundred	1
space matching	1
sin correspond	1
example function	1
n variable	1
space condition	1
multiplication symbol	1
a1 r	1
| x2	1
a2 r+	1
dene addition	1
y1 y2	1
r x	1
r th	1
t v	1
v +	1
+0 v	1
r1 v	1
= r2	1
r2 v	1
r. show	1
+ b1i	1
v4 v	1
spanning set	1
plane operation	1
example vector	1
example be	1
be vector	1
space r1	1
sn s	1
scalar r1	1
vector denition	1
space denition	1
s2 s	1
fth condition	1
s s	1
multiplication condition	1
2t1 3t2	1
origin subset	1
subspace consider	1
cnsn c1	1
c2 making	1
coecient c2	1
set span	1
3x x2	1
+ a0	1
c1 a2	1
c2 5/2	1
| a1	1
a2 r	1
level plane	1
hhhh aa	1
section study	1
hoverboard unit	1
carpet unit	1
cos2 x	1
sin2 x	1
set element	1
+ 3b	1
a2 a3	1
complement a	1
v a	1
test subspace	1
w dier	1
statics example	1
chapter ones	1
ones opening	1
mass object	1
unknown problem	1
proof half	1
scalar ci	1
si s.	1
ws equation	1
equality si	1
denition use	1
1 si	1
si =	1
independence denition	1
a s	1
vector si	1
s. subtracting	1
c1 c2)x	1
c1 c2	1
lemma specie	1
ss vector	1
v2 c1v1+c3v3	1
nontrivial relationship	1
matrix reduction	1
removal shrink	1
result address	1
nonzero component	1
s. one	1
solution c1	1
c2 y	1
= y	1
vector v2	1
s. exercise	1
repeat vector	1
= c3	1
| c3	1
c5 r	1
set c5	1
fth vector	1
s2 =	1
table summarize	1
8 2x	1
dent set	1
pair c1	1
combination sum	1
redene point	1
set relation	1
union t	1
cnsn =	1
opinion question	1
subset t	1
dierent order	1
r2 dier	1
calculus book	1
w y	1
vector set	1
example parametrization	1
space c11	1
2x y.	1
ci di	1
1 +	1
remark denition	1
subscript naming	1
n element	1
x2 p3	1
e4 r4	1
| a2	1
c 2b	1
subspace =	1
check example	1
vin r2	1
1 x	1
theorem 1.12	1
subspace subsection	1
r2s e2	1
p2s basis	1
v yield	1
exchange b	1
b. half	1
space basis	1
nof size	1
paragraph form	1
basis step	1
n member	1
nonzero scalar	1
set exchange	1
d. exchange	1
basis bk+1	1
word space	1
b1 s1	1
= s1	1
b2 s2	1
subspace diagram	1
r form	1
r f(s	1
domain s	1
u w	1
basis interact	1
basis bw	1
complement operation	1
alter b	1
b. check	1
theorem 2.4	1
disjoint set	1
proof corollary	1
a. rowspace(a	1
set containment	1
recall one	1
b a.	1
proof lemma	1
chapter terminology	1
= d4	1
proof restate	1
fth column	1
proof clearly	1
dn r	1
m equation	1
n parameter	1
r parameter	1
1 0	1
matrixs rank	1
1 4	1
z d2	1
b mmn	1
dierent reduction	1
subspace combination	1
r3 example	1
union operation	1
union w1	1
accumulation operation	1
r3 prototype	1
axis r3	1
decomposition r3	1
z part	1
space break	1
consider r3	1
e3 e1,e2,e3	1
basis b3	1
z r.	1
dierent wis	1
= d1(c1,11,1	1
vice versa	1
uj wj	1
case assumption	1
v wk	1
nonzero member	1
relationship w1	1
w2,j w2	1
subspace complement	1
addition note	1
w1 complement	1
w3 =	1
pairwise intersection	1
component part	1
wk w1	1
| w1	1
wk wk	1
w1 w3	1
w2 w3	1
wi wj	1
s1 span	1
set spans	1
s2 spans	1
spans w2	1
span w1	1
nd w2	1
w. prove	1
= v.	1
w1 v	1
v split	1
w2 w2	1
w w.	1
cancellation hold	1
w2 w1	1
r. a	1
a1 f	1
a1 a	1
eld f.	1
eld property	1
integer number	1
sodium chloride	1
side length	1
lattice picture	1
pencil lead	1
carbon atom	1
chemical bond	1
plane oand	1
slide oand	1
face carbon	1
corner carbon	1
science context	1
graphite picture	1
diamond cube	1
avogadros number	1
diamond crystal	1
platinum crystal	1
science class	1
class member	1
democratic party	1
republican party	1
third party	1
party nominee	1
third nominee	1
vote paradox	1
candidate election	1
line order	1
> t	1
counterclockwise order	1
t vote	1
c. exercise	1
c perp	1
c1 c3	1
c2 c3	1
c3 =	1
c2 2/3	1
d voter	1
cycle part	1
preference reinforce	1
cycle number	1
vote theory	1
k arrow	1
voting system	1
author note	1
professor zwicker	1
spin cause	1
group total	1
536 000	1
equation distance	1
length l	1
mass m	1
t. similarly	1
equation dgt2	1
d term	1
gt2 term	1
l1m0 2(l0m0	1
t 2(l0m0	1
2(l0m0 1)2	1
t 1)2	1
l1m0 0)1	1
0)(l1m0 0)1	1
ms cancel	1
chapter ii	1
1)p1(l1m0 t	1
t 0)p2(l0m1	1
0)p2(l0m1 0)p3(l1m0	1
0)p3(l1m0 l0m0	1
t 2)p4(l0m0	1
0)p5 l0m0	1
= l0m0	1
p5 r	1
= p1/2g1/2	1
p f	1
physics text	1
t 0)p3(l0m1	1
t 0)p4(l3m1	1
t 2)p5	1
p4 p5	1
p4 p1	1
p4 r	1
sun center	1
mass m2	1
venuss mass	1
earth mass	1
f ma	1
= ma	1
keplers law	1
third law	1
lord raleigh	1
solution space	1
p1 r	1
velocity v0	1
gx v2	1
gy v2	1
= v0	1
v0 sin()t	1
l1m1 t	1
l2m1 t	1
l3m0 t	1
wave speed	1
height h	1
gravity g.	1
h d	1
propagation speed	1
vector arrow	1
circle 2r	1
c 2r	1
chapter i	1
element vector	1
space chapter	1
end point	1
3 4	1
5 10	1
b0 a1	1
ra0 ra1	1
multiplication correspond	1
a2 b2	1
= b2	1
= f(b	1
y sin	1
r f(a1	1
isomorphism map	1
c2 d2	1
c3 d3	1
c1 d1	1
r f2(c1x	1
space p5	1
x2 2x+1	1
space structure	1
= p1	1
interest mean	1
lemma an	1
c f(v1	1
term sum	1
= f(c1v1	1
ck f(vk	1
r4 m22	1
m22 r4	1
p0 r1	1
number k.	1
w v.	1
v u.	1
dilation ds	1
rotation t	1
map p(x	1
w. an	1
w2 w.	1
c2 w2	1
f1 c1 f(v1	1
= f1	1
theorem isomorphism	1
id(c1 v1	1
c2 id(v2	1
f w	1
c1 v1	1
 c1 f(v1	1
c2 g(f(v2	1
theorem vector	1
implication statement	1
d span	1
0w c1f(1	1
= c1f(1	1
repb(r u	1
repb notation	1
element v	1
02 13	1
iii.1.12s proof	1
representation map	1
basis e4	1
k n	1
p3 r4	1
= f(1	1
v sendingv	1
w sendingv	1
v1 v2	1
space u	1
space h	1
h(r v	1
r h(v	1
2y 4.5z	1
map t1	1
map property	1
f(c1 v1	1
c1 f(v1)+	1
r2 r4	1
lemma i.2.4	1
nontrivial space	1
tor space	1
wn w	1
= h(v	1
c1 f(1	1
calculus show	1
3x 2y	1
r f)(c1v1	1
= r(c1f(v1	1
structure property	1
isomorphism concept	1
homomorphism concept	1
 2x	1
linear function	1
function respect	1
respect subtraction	1
vector r+	1
space r+	1
r a	1
r+ r	1
f 7ck	1
= wn	1
vector w1	1
span v	1
generalize example	1
matrix map	1
transpose map	1
space l(v	1
v r1	1
v r2	1
component function	1
linear component	1
component map	1
= h(c1s1)+h(c2s2	1
= h(c1s1+c2s2	1
c1 s1	1
c2 s2	1
s. qed	1
bean sketch	1
r2 r1	1
w r1	1
y. dening	1
preservation condition	1
morphism show	1
inverse 1(w1	1
image 1(w1	1
r2 vector	1
range w1	1
w2 r.	1
image h1(w1	1
y w1	1
range vector	1
image h1(s	1
= c1h(v1)+c2h(v2	1
domain break	1
r3 r4	1
sucient condition	1
v h(1	1
c2 h1(h(v2	1
p3 p4	1
7x p(x	1
r2 p3	1
m22 p2	1
r5 r8	1
r6 r3	1
m33 m33	1
pn pn	1
k derivative	1
h1(2 x3	1
v 72v	1
vector w	1
| v	1
d. prove	1
n. extend	1
k map	1
f 7dk	1
itself t	1
v satise	1
r t	1
number r.	1
v. conclude	1
vector h(1	1
c1 h	1
c2 h	1
1/2)c1 1c2	1
domain b	1
component c1	1
denition suppose	1
map domain	1
case letter	1
r3 p1	1
theorem assume	1
map representative	1
vector representative	1
remark theorem	1
value h(v	1
example let	1
scheme simplie	1
rotation map	1
plane counterclockwise	1
operation column	1
1 71	1
x2 x3	1
7x x3	1
r2 m22	1
2 73	1
rotation transformation	1
map ds	1
reection map	1
vector h(v	1
image basis	1
th position	1
sin x	1
schurs lemma	1
triangularization lemma	1
bu bv	1
w1 wm	1
entry hi	1
representation unique	1
hs domain	1
image h(v	1
r2 p2	1
+ d	1
b2 d2	1
d1 map	1
isomorphism repd	1
w rm	1
hs range	1
denition map	1
hence h	1
theorem i.2.3	1
domain p1	1
rm rn	1
range element	1
hand column	1
nd n	1
system hrepb(v	1
map repb	1
d. show	1
d1 d2	1
7x repb(v	1
g hx	1
g. give	1
product f	1
function sum	1
chapter operation	1
r h	1
proof generalize	1
multiply matrix	1
matrix sum	1
z =	1
inverse g	1
g z.	1
rs)g r(sg	1
fix domain	1
m. show	1
c6 r	1
m. verify	1
r h)t	1
r ht	1
theorem i.2.2	1
 h(c1 v1	1
 c1 h(v1	1
c2 h(v2	1
c2 g(h(v2	1
r4 r2	1
x r4	1
basis r4	1
b r4	1
c r2	1
d r3	1
r4 r3	1
gs matrix	1
4 2	1
a composition	1
c w	1
d x	1
diagram picture	1
xwrt d	1
r space	1
matrix f	1
result gf	1
dimension description	1
description line	1
notation g(h(v	1
h r	1
h treat	1
denition treat	1
example commutativity	1
f g(x	1
fg)h f(gh	1
addition f(g	1
proof associativity	1
f g	1
= g(v	1
f g(v	1
f h(v	1
sn matrix	1
level construct	1
h2,3x3 d2	1
p2 m22	1
p 2q	1
composition map	1
1n vector	1
= hpq	1
rank matrix	1
n matrix	1
t)(s t	1
s2 t	1
identity transformation	1
matrix show	1
i. show	1
combination c4	1
c2 t	1
/6 counterclockwise	1
space p	1
p p	1
dx s	1
number a1	1
matrix operations	1
matrix unit	1
unit copy	1
matrix copy	1
example rescaling	1
rescaling unit	1
dierent row	1
multiplication act	1
g time	1
g h1	1
g hn	1
gr h	1
g2,1 g2,2)h	1
+ g2,2h2,1	1
g2,2h2,1 g2,1h1,2	1
matrix rescale	1
permute row	1
row swapper	1
lemma matrix	1
proof clear	1
rr rr1	1
r1 h	1
swap column	1
lake champlain	1
grand isle	1
city i	1
city j	1
incidence matrix	1
pay rate	1
identity commute	1
matrix commute	1
col rank(a	1
col rank(at	1
row rank(a	1
= dim(r(a	1
direct sum	1
sum subsection	1
v r(a	1
theorem ii.2.20	1
= h1g1	1
fix space	1
h repen	1
= repen	1
h1(id)h d	1
map equation	1
p 2/3	1
= 2/3	1
inverse method	1
system sensitivity	1
example system	1
solution change	1
row step	1
h r1	1
r1 restated	1
i. restated	1
h. qed	1
subtraction work	1
number operation	1
use corollary	1
= t2	1
t1 t2	1
matrix gh1	1
gh hg	1
describe d2	1
dene d0	1
row equivalent	1
matrix algebra	1
e1 r2	1
basis pair	1
d v	1
remark a	1
matrix change	1
m repb(v	1
map application	1
i d	1
corollary iv.3.23	1
m r1	1
basis br	1
swap matrix	1
matrix pi	1
combination matrix	1
d. multiply	1
d r2	1
d p2	1
d x2	1
d =	1
b x2	1
2 sin(x	1
h change	1
nonzero representation	1
basis change	1
rn basis	1
left multiplie	1
start vector	1
v2 7w2	1
change map	1
dierent pair	1
h repb	1
counterclockwise angle	1
/6 radians	1
square bottom	1
t repb	1
starting b	1
rep d	1
h matrix	1
matrix equivalent	1
lemma iv.4.7	1
left multiplication	1
lence class	1
rank k	1
proof jordan	1
first jordan	1
jordan reduce	1
row reduce	1
column reduce	1
use change	1
w m22	1
= m22	1
compute p	1
use theorem	1
qp a1	1
specic case	1
describe repb	1
matrix square	1
v cp	1
railroad car	1
west track	1
railroad picture	1
car picture	1
south axis	1
west car	1
south part	1
loop slide	1
projection p	1
torpedo range	1
half mile	1
r4 project	1
projection transformation	1
number v	1
distance function	1
function action	1
radians clockwise	1
dian counterclockwise	1
denition v1	1
vectors v1	1
equation vi	1
k subset	1
space 1,2consiste	1
remark this	1
vector d11	1
bessels inequality	1
matrix repk	1
triangular shape	1
subsection project	1
decomposition idea	1
m n.	1
m m	1
r3 mn	1
dierent subspace	1
plane m	1
projection operation	1
subsectionss projection	1
hand picture	1
subsection projection	1
subspace perpendicular	1
m perp	1
instead mis	1
complement mis	1
rn m.	1
= m.	1
m m.	1
v i)/(i	1
i)/(i i	1
d. the	1
paragraph work	1
vector c1	1
c note	1
at v ac	1
find m.	1
subspace show	1
s. show	1
plane p	1
p part	1
= 0	1
m rn	1
d p	1
v1,v2 rn	1
complement m	1
n rn	1
let m	1
perp operator	1
perps cancel	1
rn r.	1
+ 6v3	1
projection matrix	1
matrix a(ata)1at	1
term ratio	1
men race	1
mile race	1
minute mark	1
january rst	1
penny datum	1
data entry	1
entry burden	1
standard body	1
linear matrix	1
coecients b	1
roger bannisters	1
bannisters record	1
team salary	1
us baseball	1
league baseball	1
oakland athletics	1
lm moneyball	1
model equation	1
team owner	1
men record	1
mile record	1
men run	1
meter run	1
men mile	1
womens mile	1
women mile	1
data set	1
highway restaurant	1
bridge toll	1
york state	1
york city	1
crossing cost	1
hudson river	1
times square	1
us dollar	1
passenger car	1
way toll	1
holland tunnel	1
george washington	1
washington bridge	1
verrazano narrows	1
narrows bridge	1
zee bridge	1
bear bridge	1
newburgh beacon	1
beacon bridge	1
mid bridge	1
- bridge	1
hudson bridge	1
kingston rhineclibridge	1
rip bridge	1
van bridge	1
winkle bridge	1
space shuttle	1
nasas decision	1
asteroid belt	1
domain r	1
arrow trace	1
domain spread	1
r2 rotate	1
matrix recall	1
h. recall	1
theorem v.2.7	1
h factor	1
pbq t1	1
tntn1 t1	1
tsbts1 t1	1
gaussian row	1
t matrix	1
th axis	1
j matrix	1
instance c1,2(2	1
vector u	1
unit square	1
line slide	1
angle corner	1
h tntn1	1
tntn1 tjbtj1	1
tjbtj1 t1	1
matrix thus	1
h. thus	1
h map	1
map line	1
image space	1
identity b	1
projection b	1
line input	1
line output	1
variable y(x	1
function y(x	1
domain point	1
output f(x	1
rst decrease	1
dx 2x	1
derstood result	1
r r.	1
composition dilate	1
rule multiplie	1
pbq decomposition	1
h pbq	1
use jordan	1
describe h	1
point b	1
lo river	1
fuh hi	1
river scroll	1
river anger	1
melencolia i	1
mn r.	1
vector mn,0	1
space mn,0	1
n row	1
n column	1
nonzero column	1
c2n+2 c2n	1
= c2n	1
= 3	1
column 2n	1
column n2	1
number s.	1
trace function	1
= dene	1
n. dene	1
mnn r2	1
player bet	1
coin tosses	1
boundary state	1
state s5	1
equation summarize	1
real float	1
double float	1
chain model	1
united kingdom	1
two thousand	1
parent occupation	1
grandparent occupation	1
studys conclusion	1
class shrink	1
twenty four	1
p1 0(n	1
p2 0(n	1
vector table	1
state s1	1
north central	1
warm climate	1
northeast region	1
west region	1
probability 0.111	1
z entry	1
birth death	1
death state	1
equipment rm	1
national census	1
model assumption	1
n 50	1
= 50	1
state su.	1
state sa	1
response b	1
a state	1
b state	1
graph p	1
town dweller	1
series application	1
column sum	1
av1 v2	1
= v2	1
euclids purpose	1
point p1	1
f. klein	1
kleins program	1
geometry euclidean	1
word group	1
y r.	1
distance d0	1
distance d2	1
image t(v	1
t map	1
= dist(t	1
t(p q	1
+ d2	1
length one	1
unit circle	1
unit e1	1
vector image	1
circle clockwise	1
circle counterclockwise	1
clockwise angle	1
euclidean study	1
vector p0	1
modern algebra	1
matrix nonsingular	1
corollary three	1
function detnn	1
subscript nn	1
term ad	1
operation part	1
k2 +1	1
= a(kh	1
bc ad	1
bfg cdh	1
iae gbf	1
k multiplies	1
subsection note	1
show this	1
matrix singular	1
det(t 1	1
det(x t	1
y s	1
det(c a	1
function det	1
k det(1	1
method operation	1
t t.	1
t jordan	1
matrixs determinant	1
jordan half	1
jordan elimination	1
form result	1
time saving	1
example determinant	1
chapter introduction	1
function det1	1
|a+b| =	1
multiplication subsection	1
product ts	1
rr submatrix	1
vn r	1
k f(1	1
k r.	1
lemma determinants	1
proof property	1
denition 2.1s	1
2.1s condition	1
n. express	1
determinant condition	1
row v	1
= det(1	1
wi det(1	1
use property	1
start matrix	1
calculation scheme	1
recall denition	1
denition three	1
entry j	1
p2s rst	1
t1,1t2,2 |p1|	1
t1,1t2,2t3,3 |p1|	1
column swap	1
matrix result	1
term m1,i(1)m2,i(2)m3,i(3	1
1 5	1
permutation nd	1
nd |p|	1
k2 r	1
= k1f(1	1
at a	1
= a	1
nonzero determinant	1
data point	1
n equation	1
|j| |k|	1
real r	1
matrix ri	1
t ri	1
pascal triangle	1
value unity	1
form subsection	1
a swap	1
permutation sgn	1
nn identity	1
k d(t	1
j operation	1
j th	1
row ti,(i	1
= tj,(j	1
= ti,(j	1
size nn	1
t product	1
product expression	1
3 71	1
3 72	1
nonzero term	1
permutation inverse	1
signum function	1
parallelogram picture	1
rectangle area	1
= size	1
k size	1
shear size	1
operation size	1
space size(e1	1
clockwise arc	1
box |t(s)|	1
box |s|	1
map term	1
unit en	1
box en	1
composition t	1
ts)m =	1
= i	1
matrix e1e2	1
t e1e2	1
|ts| ers|	1
|e1| |er|	1
|er| |s|	1
|e1 er|	1
matrix mi(k)s	1
k |s|	1
example application	1
r3 change	1
|ts| |st|	1
bt at|	1
b2 at|	1
t change	1
c3 times	1
h. explain	1
surface area	1
matrice h	1
h p1gp	1
= p1gp	1
audience discussion	1
determinant functions	1
functions exist	1
laplaces expansion	1
deleting row	1
t. the	1
j cofactor	1
cofactor ti	1
t1,j t1,j	1
t2,j t2,j	1
j tn	1
proof exercise	1
12 9	1
12 60	1
a row	1
ti,2 ti,2	1
row k	1
t adj(t	1
proof equations	1
fibonacci sequence	1
drawing restate	1
starting parallelogram	1
x1 time	1
third box	1
system ax	1
matrix bi	1
eye solve	1
solve system	1
unknown x1	1
= bi	1
use cramers	1
input datum	1
datum set	1
dierent permutation	1
square n	1
reduction method	1
calculate determinant	1
perform gauss	1
num_col len(m	1
= len(m	1
m gauss_method(m	1
row prow	1
factor prow	1
computation model	1
import timeit	1
timeit.timeit(stmt s	1
test run	1
seconds= 1.77881097794	1
seconds= 7.86893582344	1
calculate determinants	1
singular system	1
input size	1
timing routine	1
timing number	1
language specication	1
code fragment	1
computer fetch	1
integer approach	1
chis c	1
matrix c	1
j n.	1
matrix method	1
sarruss formula	1
# hefferon	1
2x2 matrix	1
a*d b*c	1
def chio_mat(m	1
chio matrix	1
nxn matrix	1
def chio_det(m	1
command line	1
euclidean one	1
leonardo vincis	1
da vincis	1
person eye	1
instance line	1
line project	1
length segment	1
source point	1
rst s	1
s plane	1
i plane	1
projection case	1
image point	1
vanish point	1
s. points	1
projector p	1
ps line	1
point shift	1
y coordinate	1
railroad model	1
track model	1
antipodal spot	1
dome mode	1
view slide	1
projection model	1
y k	1
incidence formula	1
space line	1
v incident	1
space plane	1
+ 3l3	1
line result	1
plane t	1
xing vector	1
vector solution	1
euclidean gure	1
vector w0	1
z0 =	1
= x0	1
b x0	1
z z0	1
= z0	1
t1u1 t2u2	1
u1v1 u2v2	1
desargue theorem	1
xy axis	1
axis point	1
north pole	1
companion q2	1
line form	1
science ction	1
ction story	1
orientation reversal	1
ne source	1
ellipse project	1
antipodal modal	1
pappuss theorem	1
intersection v2	1
intersection u2	1
intersection t2	1
t0v0 line	1
t2u2 line	1
origin project	1
nonzero r3	1
denition nonzero	1
scale factor	1
sp1 p2	1
plane z	1
movie theater	1
theater screen	1
associate vector	1
screen plane	1
sin y	1
sin b)/c	1
origin xed	1
target plane	1
t b	1
z axis	1
remark dene	1
equation degree(fg	1
division operation	1
remainder polynomial	1
= q(x	1
integer statement	1
division statement	1
dividend p(x	1
b2 4ac	1
number coecient	1
coecient factor	1
+ 1)2	1
b r	1
quadratic factor	1
 x b	1
rst polynomial	1
cient factor	1
= ac	1
1 2i	1
2 3i)(4	1
9 5i	1
space b	1
1and d	1
bs element	1
t. one	1
similarity equation	1
ner partition	1
similarity relation	1
compute repb	1
compute repd	1
x2 7x	1
nontrivial similarity	1
similarity relationship	1
c2 act	1
explain example	1
t i	1
matrix d2	1
representation vector	1
basis repe2,e2(t	1
solution b1	1
focus rst	1
b1 =	1
nonzero b1	1
repeat example	1
follow example	1
z scalar	1
x 2x	1
y 2y	1
0 70	1
homomorphism t	1
p1 p1	1
c c	1
c cx	1
matrix version	1
action t(e1	1
= repe2(e1	1
= repb(e1	1
2 repb(e1	1
eigenvalue 2s	1
representation dier	1
t repe2,e2(t	1
t xi.	1
nonzero solution	1
solution z	1
3 2	1
n. exercise	1
proof notice	1
notice rst	1
+ cnt(n	1
v0 =	1
v2 =	1
= 2)2	1
x)2(0 x	1
c2 c	1
c3 c	1
multiplicity mi	1
term vanishe	1
induction hypothesis	1
ck(k+1 k	1
proof form	1
m2 m2	1
eigenvalue r	1
non-0 member	1
t i.	1
eigenvalue c	1
= ax	1
transformation map	1
mnn mnn	1
t 7ptp1	1
t2 t	1
t3 t	1
power notation	1
= j.	1
t j.	1
function iteration	1
t4 t2	1
t5 t3	1
= t3	1
shift transformation	1
w r(tj+1	1
w r(tj	1
subset containment	1
range r(tk+1	1
power k	1
= r(t1	1
p3 r(t1	1
p2 r(t2	1
= r(t3	1
p1 r(t3	1
p0 r(t4	1
range shrink	1
space shrink	1
a0 c	1
b1 c	1
| b1	1
b2 c	1
= r(tn	1
rank fall	1
state r(tk	1
space stabilize	1
subspaces subsection	1
function t	1
= r(tn+1	1
theorem three	1
subspace t	1
n repe2,e2(n	1
string depiction	1
function n2	1
c4 c4	1
7e4 70	1
n repe4,e4(n	1
= repe4,e4(n	1
example transformations	1
tion t	1
= np1	1
np1 n4p1	1
p n4p1	1
sequence v	1
space c3	1
length k.	1
nilpotency k	1
represent v	1
nilpotent map	1
c5 c5	1
ts index	1
r c	1
string form	1
basis form	1
hand one	1
k case	1
range t	1
space t	1
c th1(1	1
range part	1
space part	1
n. suppose	1
matrix calculation	1
v c	1
vector map	1
shift operator	1
string state	1
basis state	1
6 70	1
73 70	1
proof base	1
string v	1
restriction map	1
map representation	1
nilpotent matrix	1
b case	1
entry addition	1
dimension n2	1
member set	1
cn2 n2	1
space v.	1
matrix polynomial	1
map polynomial	1
= 3i	1
example rotation	1
/3 radians	1
degree n2	1
nonzero p(x	1
1s cancel	1
example one	1
put c4	1
c4 t	1
force c1	1
c2 c0	1
= c0	1
c0 factor	1
k(x 1)q1	1
c0 z)qz	1
k(t 1i)q1	1
+ 12	1
1)p1(x 2)p2	1
qi pi	1
recall four	1
theorem four	1
matrix drop	1
c0 t	1
t n	1
t. division	1
qj pj	1
j i.	1
t n(v	1
tv 2v	1
t iv	1
multiply v	1
ckt k	1
ckt kv	1
1)(x 2)3	1
t 1i)(t	1
1i)(t 2i	1
1)3(x 4	1
2)2(x 5)2	1
|t ti|	1
subsection opening	1
domain map	1
transformation factor	1
t factor	1
ptp1 i	1
similarity computation	1
mation t	1
n repb	1
t 4)2	1
number c	1
eigenvalue matrix	1
eigenvalue i.	1
diagonalization example	1
eigenvalue leverage	1
theorem any	1
form representation	1
n. w	1
write w	1
t 1)(w	1
t s.	1
t i)(wk,1	1
vector w1,n1	1
dimension rq	1
vector y1	1
yrq n	1
t k	1
j wi	1
t 1)(wi	1
example belo	1
t 2)2	1
t 2)3	1
example basis	1
subspace v	1
m v	1
j c	1
then t(m	1
t 2i	1
exponent one	1
11 zero	1
t 2s	1
2s action	1
restriction t	1
5 70	1
nullity ve	1
eigenvalue 2	1
s 2i	1
t invariance	1
j polynomial	1
s2 show	1
= show	1
t. show	1
application matrix	1
v cn	1
tv c111	1
t 3v	1
vector length	1
kv|/|t k1v|	1
t 9v	1
implementation issue	1
generate number	1
computer capability	1
rst component	1
t w0	1
v2 w2	1
t w2	1
t wk	1
t vk)/(vk	1
|vk| dier	1
case technique	1
reserve park	1
equation vn+1	1
10 000	1
r 000	1
100 000	1
growth behavior	1
2 1.89	1
park boundary	1
park rate	1
one thousand	1
hundred thousand	1
year span	1
us bird	1
% travel	1
list page	1
googles founder	1
page algorithm	1
rank algorithm	1
world web	1
wide web	1
page p1	1
page pi	1
algorithms inventor	1
user behavior	1
page p3	1
page p4	1
importance ranking	1
page i(pi	1
hi i.	1
sages calculation	1
page number	1
rank number	1
google rank	1
growth model	1
fibonaccis question	1
write t	1
population growth	1
fibonacci case	1
7c f(x	1
ankf2(n k	1
ank(rf1)(n k	1
function s	1
dimension k.	1
matrix a.	1
diagonalization calculation	1
k. exercise	1
discrete mathematics	1
fibonacci relation	1
r1 =	1
r2 =	1
fibonacci recurrence	1
nonhomogeneous case	1
example illustrate	1
edouard lucas	1
disk resting	1
bram ah	1
disk move	1
disk problem	1
move process	1
root r1	1
nonhomogeneous relation	1
eye spot	1
condition t(1	1
disk tower	1
fibonacci pair	1
rabbit pair	1
linear recurrence	1
puter code	1
scheme dialect	1
chicken scheme	1
point number	1
extension number	1
helper funciton	1
output proc	1
n lst	1
compute t(63	1
helper function	1
line break	1
couple oscillator	1
device trading	1
trading operiod	1
pendulum video	1
motion state	1
device behavior	1
write x(t	1
coordinate system	1
f x.	1
newtons law	1
hookes law	1
masss motion	1
= x(t	1
bob oscillate	1
time t	1
cosine graph	1
dt t	1
sin t	1
phase shift	1
spring shorten	1
mode imagine	1
mode behavior	1
bob move	1
spring motion	1
freedom case	1
degree case	1
i d2	1
system behavior	1
hand case	1
a12 cos(t	1
a2 =	1
nontrivial solution	1
0 2/4mi	1
mode frequency	1
pendulum motion	1
a1 cos(t+	1
a2 cos(t+	1
slinky jr	1
soup can	1
background material	1
result chiey	1
truth value	1
p statement	1
form p	1
q statement	1
p iq	1
pn)2 p2n2	1
element proof	1
existence proposition	1
euclid argument	1
= 1(2)/2	1
n number	1
step verie	1
k 1	1
= 1(1)/2	1
= 3(4)/2	1
euclids argument	1
prime p1	1
number p2	1
p1 p2	1
= 2kn	1
km m.	1
prime factorization	1
factorization theorem	1
sets mathematicians	1
repeat collapse	1
set builder	1
builder notation	1
| x5	1
subset relationship	1
b show	1
set operations	1
n tuple	1
r r+	1
716x2 100	1
y y	1
d f	1
x. a	1
y x	1
f h	1
f g2	1
g1 f	1
+ 3)/2	1
function ts	1
inverse f1	1
f1 ts	1
x x	1
fi fi+j	1
= fi+j	1
fi)j fij	1
= fij	1
fs codomain	1
range r(f	1
c r(f	1
identity function	1
input argument	1
| |x	1
|x y|	1
equivalence relations	1
sign relation	1
subset s2	1
= sj	1
nonzero number	1
d z	1
d sn	1
relation r	1
form fraction	1
fraction 3/5	1
r. ackerson	1
h. ackerson	1
c. rupp	1
a. rupp	1
h. aude	1
t. aude	1
r. aude	1
v. ivano(proposer	1
f. ivano(proposer	1
t. esty	1
c. esty	1
w. ransom	1
r. ransom	1
hansraj gupta	1
r. walker	1
j. walker	1
don walter	1
alex tytun	1
albert wilansky	1
row sum	1
norman anning	1
vern haggett	1
f. saunders	1
w. saunders	1
underwood dudley	1
arnold lebow	1
hans liebeck	1
howard anton	1
kenneth arrow	1
j. arrow	1
social choice	1
individual values	1
david austin	1
webs haystack	1
w.w. ball	1
rouse ball	1
mathematical recreations	1
matthias beck	1
ross geoghegan	1
mathematical gazette	1
richar berg	1
e berg	1
todd marshall	1
s marshall	1
garrett birkho	1
saunders maclane	1
a. blass	1
axiomatic set	1
set theory	1
j. baumgartner	1
e. baumgartner	1
providence ri	1
p.w. bridgman	1
yale press	1
sergey brin	1
lawrence page	1
hypertextual engine	1
kurt bryan	1
tanya leise	1
siam review	1
john casey	1
book i	1
user chessmaster	1
software implementation	1
felix winkelmann	1
l. winkelmann	1
chicken team	1
david clark	1
h. clark	1
john coupe	1
d. coupe	1
bangor area	1
area economy	1
bangor me	1
r. cleary	1
arthur clarke	1
c. clarke	1
technical error	1
great stories	1
sf stories	1
daw books	1
contest book	1
richard courant	1
herbert robbins	1
oxford press	1
charles cullen	1
g. cullen	1
linear transformations	1
siddhartha dalal	1
r. dalal	1
edward fowlkes	1
b. fowlkes	1
bruce hoadley	1
statistical perspective	1
thomas davies	1
d. davies	1
new evidence	1
evidence peary	1
place peary	1
geographic magazine	1
neville mestre	1
la nature	1
darrell ebbing	1
d. ebbing	1
general chemistry	1
houghton miin	1
h. ebbinghaus	1
d. ebbinghaus	1
a. einstein	1
m.h. eggar	1
pinhole cameras	1
august september	1
clement falbo	1
golden ratio	1
contrary viewpoint	1
mathematics journal	1
william feller	1
probability theory	1
3rd ed	1
l.e. fuller	1
j.d. logan	1
linear gems	1
algebra gems	1
new universe	1
ambidextrous universe	1
w. freeman	1
h. freeman	1
icosian game	1
michael wells	1
e. wells	1
carroll wilde	1
o. wilde	1
michael jaye	1
j. jaye	1
maurice weir	1
d. weir	1
mathematical modeling	1
direction maps	1
r.j. goult	1
r.f. hoskins	1
j.a. milner	1
m.j. pratt	1
ronald graham	1
l. graham	1
donald knuth	1
e. knuth	1
oren patashnik	1
concrete mathematics	1
paul halmos	1
r. halmos	1
finite spaces	1
dimensional vector	1
hamming hamming	1
richard hamming	1
w. hamming	1
applied analysis	1
numerical analysis	1
hemisphere publishing	1
kit hanes	1
analytic geometry	1
t. heath	1
euclids elements	1
j hefferon	1
kenneth homan	1
ray kunze	1
prentice hall	1
douglas hofstadter	1
r. hofstadter	1
metamagical themas	1
basic books	1
john hughes	1
f. hughes	1
andries dam	1
van dam	1
morgan mcguire	1
david sklar	1
f. sklar	1
james foley	1
d. foley	1
steven feiner	1
k. feiner	1
kurt akeley	1
third edition	1
marius iofescu	1
finite processes	1
markov processes	1
mathematics exchange	1
stack exchange	1
exchange joriki	1
user joriki	1
william kahan	1
chis trick	1
christina kelton	1
m.l. kelton	1
u.s. manufacturing	1
umi press	1
research press	1
john kemeny	1
g. kemeny	1
j. snell	1
laurie snell	1
finite chains	1
d. van	1
franklin kemp	1
output economics	1
u.s. economy	1
kenneth macdonald	1
john ridge	1
social mobility	1
social trends	1
a.h. halsey	1
dewey duncan	1
w. quelch	1
h. quelch	1
m. klamkin	1
s. klamkin	1
jan feb.	1
d. silverman	1
l. silverman	1
clarence morrison	1
c. morrison	1
marvin bittinger	1
matthew mewes	1
slinky wilberforce	1
james munkres	1
r. munkres	1
richard neimi	1
g. neimi	1
william riker	1
h. riker	1
voting systems	1
cletus oakley	1
o. oakley	1
justine baker	1
c. baker	1
mathematics teacher	1
michael onan	1
g. petersen	1
m. petersen	1
g. polya	1
plausible reasoning	1
w. poundstone	1
william lowell	1
lowell putnam	1
putnam competition	1
mathematical competition	1
john rice	1
r. rice	1
numerical mathods	1
academic press	1
rudy rucker	1
patrick ryan	1
j. ryan	1
non geometry	1
- geometry	1
ed sandifer	1
jack schmidt	1
anton shepelev	1
a. seidenberg	1
van nostrand	1
adam sheer	1
bob krueger	1
linear riddle	1
algebra riddle	1
harcourt jovanovich	1
brace jovanovich	1
alan taylor	1
d. taylor	1
burt tilley	1
tony trono	1
vermont department	1
mathematics department	1
high school	1
school prize	1
prize examinations	1
mathematics olympiad	1
dan velleman	1
daniel velleman	1
j velleman	1
structured approach	1
walt disney	1
disney studios	1
animation studios	1
disneys guide	1
practical guide	1
path tracing	1
j. weston	1
d. weston	1
james iii	1
e. iii	1
ward iii	1
hermann weyl	1
thomas wickens	1
d. wickens	1
w.h. freeman	1
algebraic eigenvalue	1
eigenvalue problem	1
j. wilkinson	1
h. wilkinson	1
world record	1
record progression	1
google page	1
rebecca s.	1
s. will	1
googles rank	1
mathematical intelligencer	1
i. yaglom	1
m. yaglom	1
felix klein	1
sophus lie	1
nineteenth century	1
sergei sossinsky	1
thomas yuster	1
reduced row	1
row echelon	1
simple proof	1
william zwicker	1
s. zwicker	1
voters paradox	1
borda count	1
mathematical sciences	1
social sciences	1
round error	1
adjoint matrix	1
adjugate matrix	1
antipodal point	1
t line	1
congruent plane	1
convex set	1
couple oscillators	1
duality principle	1
structure preserving	1
historyless process	1
last supper	1
inconsistent system	1
linear surface	1
rescaling row	1
similarity transformation	1
sink link	1
sparse matrix	1
size change	1
turning map	1
